Date,SPY,SPY_Velocity_MoM,SPY_Acceleration,SPY_ZScore,XLK_Ratio,XLK_ZScore,XLF_Ratio,XLF_ZScore,XLV_Ratio,XLV_ZScore,XLY_Ratio,XLY_ZScore,XLP_Ratio,XLP_ZScore,XLE_Ratio,XLE_ZScore,XLI_Ratio,XLI_ZScore,XLU_Ratio,XLU_ZScore,XLB_Ratio,XLB_ZScore,IYR_Ratio,IYR_ZScore,IYZ_Ratio,IYZ_ZScore,Total_Market_Volume,Total_Volume_ZScore,MEHOINUSA672N,CSUSHPINSA
1985-01-01,179.6300048828125,,,,,,,,,,,,,,,,,,,,,,,,,,4455770000,,63090.0,
1985-02-01,181.17999267578125,0.008628779996860514,,,,,,,,,,,,,,,,,,,,,,,,,3937470000,,,
1985-03-01,180.66000366210938,-0.0028700134379759934,-0.011498793434836507,,,,,,,,,,,,,,,,,,,,,,,,3764400000,,,
1985-04-01,179.8300018310547,-0.004594275513284285,-0.0017242620753082916,,,,,,,,,,,,,,,,,,,,,,,,3488330000,,,
1985-05-01,189.5500030517578,0.05405105444993996,0.058645329963224246,,,,,,,,,,,,,,,,,,,,,,,,4023610000,,,
1985-06-01,191.85000610351562,0.012134017487352766,-0.041917036962587195,,,,,,,,,,,,,,,,,,,,,,,,3699580000,,,
1985-07-01,190.9199981689453,-0.004847578342366599,-0.016981595829719365,,,,,,,,,,,,,,,,,,,,,,,,4232510000,,,
1985-08-01,188.6300048828125,-0.011994517641396585,-0.007146939299029986,,,,,,,,,,,,,,,,,,,,,,,,3559200000,,,
1985-09-01,182.0800018310547,-0.03472407826012114,-0.022729560618724554,,,,,,,,,,,,,,,,,,,,,,,,3195150000,,,
1985-10-01,189.82000732421875,0.04250881708769816,0.0772328953478193,,,,,,,,,,,,,,,,,,,,,,,,4401580000,,,
1985-11-01,202.1699981689453,0.06506158659888994,0.022552769511191784,,,,,,,,,,,,,,,,,,,,,,,,4286250000,,,
1985-12-01,211.27999877929688,0.045061090630958534,-0.02000049596793141,,,,,,,,,,,,,,,,,,,,,,,,5016400000,,,
1986-01-01,211.77999877929688,0.0023665278440403448,-0.04269456278691819,,,,,,,,,,,,,,,,,,,,,,,,5289860000,,65430.0,
1986-02-01,226.9199981689453,0.07148927885973944,0.06912275101569909,,,,,,,,,,,,,,,,,,,,,,,,5244600000,,,
1986-03-01,238.89999389648438,0.052793917786918776,-0.01869536107282066,,,,,,,,,,,,,,,,,,,,,,,,5810500000,,,
1986-04-01,235.52000427246094,-0.014148136083619978,-0.06694205387053875,,,,,,,,,,,,,,,,,,,,,,,,6055000000,,,
1986-05-01,247.35000610351562,0.05022928675463656,0.06437742283825654,,,,,,,,,,,,,,,,,,,,,,,,5092560000,,,
1986-06-01,250.83999633789062,0.014109521521153523,-0.03611976523348304,,,,,,,,,,,,,,,,,,,,,,,,5219000000,,,
1986-07-01,236.1199951171875,-0.05868283142882347,-0.07279235294997699,,,,,,,,,,,,,,,,,,,,,,,,5440940000,,,
1986-08-01,252.92999267578125,0.07119260505765657,0.12987543648648003,,,,,,,,,,,,,,,,,,,,,,,,4803440000,,,
1986-09-01,231.32000732421875,-0.08543860347658849,-0.15663120853424506,,,,,,,,,,,,,,,,,,,,,,,,5369480000,,,
1986-10-01,243.97999572753906,0.0547293273494327,0.1401679308260212,,,,,,,,,,,,,,,,,,,,,,,,5169630000,,,
1986-11-01,249.22000122070312,0.02147719315076868,-0.03325213419866402,,,,,,,,,,,,,,,,,,,,,,,,5015600000,,,
1986-12-01,242.1699981689453,-0.028288271475909732,-0.04976546462667841,-0.669665504967507,,,,,,,,,,,,,,,,,,,,,,,5869760000,0.4054648640583724,,
1987-01-01,274.0799865722656,0.13176689368870087,0.1600551651646106,1.945891402843769,,,,,,,,,,,,,,,,,,,,,,,7225500000,2.4298774023880076,66250.0,63.732
1987-02-01,284.20001220703125,0.036923621317010324,-0.09484327237169055,2.2895387840769432,,,,,,,,,,,,,,,,,,,,,,,6515000000,1.085906929592472,,64.131
1987-03-01,291.70001220703125,0.02638986515783981,-0.010533756159170515,2.3486224749642672,,,,,,,,,,,,,,,,,,,,,,,7270100000,2.027658049992301,,64.467
1987-04-01,288.3599853515625,-0.011450211572491154,-0.03784007673033096,1.7834826271860587,,,,,,,,,,,,,,,,,,,,,,,6958700000,1.3840687535158627,,64.972
1987-05-01,290.1000061035156,0.006034196283620119,0.017484407856111273,1.6361717245609757,,,,,,,,,,,,,,,,,,,,,,,6201400000,0.1526343435857178,,65.546
1987-06-01,304.0,0.04791449018971927,0.04188029390609915,2.183727594055052,,,,,,,,,,,,,,,,,,,,,,,6869900000,1.0897281832974253,,66.217
1987-07-01,318.6600036621094,0.048223696256938675,0.000309206067219403,2.575476342454993,,,,,,,,,,,,,,,,,,,,,,,7345900000,1.6611278836233307,,66.785
1987-08-01,329.79998779296875,0.03495884015199979,-0.013264856104938882,2.662140133390581,,,,,,,,,,,,,,,,,,,,,,,7198400000,1.332029281265839,,67.269
1987-09-01,321.8299865722656,-0.024166165905701198,-0.05912500605770099,1.997931795748587,,,,,,,,,,,,,,,,,,,,,,,6816100000,0.7121568405481251,,67.623
1987-10-01,251.7899932861328,-0.21763041421998008,-0.19346424831427889,-1.339387834226774,,,,,,,,,,,,,,,,,,,,,,,10168700000,3.981948956081807,,67.902
1987-11-01,230.3000030517578,-0.0853488653536516,0.13228154886632848,-2.20715227767057,,,,,,,,,,,,,,,,,,,,,,,6086880000,-0.42296781836214314,,68.092
1987-12-01,247.0800018310547,0.07286147875354443,0.15821034410719603,-1.4791136395177997,,,,,,,,,,,,,,,,,,,,,,,6870460000,0.4125717635917226,,68.344
1988-01-01,257.07000732421875,0.04043227059709542,-0.03242920815644901,-1.0916086489422,,,,,,,,,,,,,,,,,,,,,,,5959940000,-0.5887765776305294,66740.0,68.583
1988-02-01,267.82000732421875,0.04181740262854561,0.001385132031450187,-0.6933204768531605,,,,,,,,,,,,,,,,,,,,,,,6186110000,-0.3358858111727445,,68.916
1988-03-01,258.8900146484375,-0.03334326201018556,-0.07516066463873117,-1.1205929993913482,,,,,,,,,,,,,,,,,,,,,,,7207850000,0.797978780205141,,69.325
1988-04-01,261.3299865722656,0.009424743272317793,0.04276800528250335,-1.0639774030082942,,,,,,,,,,,,,,,,,,,,,,,5763000000,-0.8176846509150897,,69.789
1988-05-01,262.1600036621094,0.003176126477985486,-0.006248616794332307,-1.0779101255328047,,,,,,,,,,,,,,,,,,,,,,,5698710000,-0.8664958591593125,,70.408
1988-06-01,273.5,0.043256012280601164,0.04007988580261568,-0.6629271323620086,,,,,,,,,,,,,,,,,,,,,,,7402750000,1.0561070096573362,,71.066
1988-07-01,272.0199890136719,-0.005411374721492224,-0.04866738700209339,-0.7946388873304496,,,,,,,,,,,,,,,,,,,,,,,5948100000,-0.581497293898075,,71.684
1988-08-01,261.5199890136719,-0.03860010449258666,-0.03318872977109444,-1.2928210403382885,,,,,,,,,,,,,,,,,,,,,,,5918450000,-0.5961284476042799,,72.183
1988-09-01,271.9100036621094,0.03972933268934309,0.07832943718192975,-0.9164961135010999,,,,,,,,,,,,,,,,,,,,,,,5403570000,-1.1495327186802562,,72.572
1988-10-01,278.9700012207031,0.0259644642106176,-0.01376486847872549,-0.6927773388026297,,,,,,,,,,,,,,,,,,,,,,,5911690000,-0.5459542557316085,,72.82
1988-11-01,273.70001220703125,-0.018890880706211144,-0.04485534491682874,-0.9917636617880549,,,,,,,,,,,,,,,,,,,,,,,5108670000,-1.4187570248692194,,73.063
1988-12-01,277.7200012207031,0.014687573381001906,0.03357845408721305,-0.8966593648099564,,,,,,,,,,,,,,,,,,,,,,,5331640000,-1.1255240881418478,,73.276
1989-01-01,297.4700012207031,0.07111479156412925,0.05642721818312735,-0.13963346843561458,,,,,,,,,,,,,,,,,,,,,,,6248230000,-0.06827053600922152,67880.0,73.616
1989-02-01,288.8599853515625,-0.02894414843113058,-0.10005893999525983,-0.607988532042944,,,,,,,,,,,,,,,,,,,,,,,5743730000,-0.6338844714455361,,73.967
1989-03-01,294.8699951171875,0.020805961609083434,0.04975011004021401,-0.4418581518531794,,,,,,,,,,,,,,,,,,,,,,,6373800000,0.10397145821310694,,74.41
1989-04-01,309.6400146484375,0.05008993717851862,0.029283975569435183,0.10605177761573892,,,,,,,,,,,,,,,,,,,,,,,5899130000,-0.44265803583758395,,74.867
1989-05-01,320.5199890136719,0.035137494672926595,-0.014952442505592023,0.4796882861092245,,,,,,,,,,,,,,,,,,,,,,,6822190000,0.6443111259849758,,75.295
1989-06-01,317.9800109863281,-0.007924554206930945,-0.04306204887985754,0.2536530039224674,,,,,,,,,,,,,,,,,,,,,,,6981290000,0.822463616270112,,75.694
1989-07-01,346.0799865722656,0.08837025792525588,0.09629481213218682,1.3827148246545191,,,,,,,,,,,,,,,,,,,,,,,5748470000,-0.64036011788247,,76.039
1989-08-01,351.45001220703125,0.01551671822445666,-0.07285353970079922,1.4714127436992888,,,,,,,,,,,,,,,,,,,,,,,7006170000,0.8527010227893578,,76.269
1989-09-01,349.1499938964844,-0.006544368276168888,-0.02206108650062555,1.2323953227104207,,,,,,,,,,,,,,,,,,,,,,,5658030000,-0.7628063555087576,,76.418
1989-10-01,340.3599853515625,-0.02517545094824758,-0.01863108267207869,0.725458366190122,,,,,,,,,,,,,,,,,,,,,,,7173140000,1.0390703736195968,,76.485
1989-11-01,345.989990234375,0.016541324259951473,0.04171677520819905,0.8556121375958473,,,,,,,,,,,,,,,,,,,,,,,5564350000,-0.8979572037853651,,76.518
1989-12-01,353.3999938964844,0.021416815142801804,0.004875490882850331,1.059266450036318,,,,,,,,,,,,,,,,,,,,,,,5991150000,-0.3928890204850223,,76.496
1990-01-01,329.0799865722656,-0.06881722621461728,-0.09023404135741908,-0.13106736160884166,,,,,,,,,,,,,,,,,,,,,,,6821080000,0.5922182654735682,67050.0,76.527
1990-02-01,331.8900146484375,0.008539042758088922,0.0773562689727062,-0.1123015716633643,,,,,,,,,,,,,,,,,,,,,,,5382890000,-1.1661973599636823,,76.587
1990-03-01,339.94000244140625,0.024254986404143253,0.01571594364605433,0.14175669372204194,,,,,,,,,,,,,,,,,,,,,,,6168730000,-0.23217782647283491,,76.79
1990-04-01,330.79998779296875,-0.02688714062127162,-0.051142127025414874,-0.3829875143606844,,,,,,,,,,,,,,,,,,,,,,,5392670000,-1.193226451977411,,77.039
1990-05-01,361.2300109863281,0.09198919079889456,0.11887633142016618,0.8916418390690549,,,,,,,,,,,,,,,,,,,,,,,7065250000,0.808875976450377,,77.297
1990-06-01,358.0199890136719,-0.008886365681221697,-0.10087555648011626,0.6242769472370131,,,,,,,,,,,,,,,,,,,,,,,6368970000,-0.08530070240029253,,77.504
1990-07-01,356.1499938964844,-0.005223158411739148,0.003663207269482549,0.4197296279978534,,,,,,,,,,,,,,,,,,,,,,,6358400000,-0.1426000657813749,,77.559
1990-08-01,322.55999755859375,-0.09431418479162912,-0.08909102637988997,-1.2367047222911065,,,,,,,,,,,,,,,,,,,,,,,7132050000,0.7619015457139459,,77.478
1990-09-01,306.04998779296875,-0.051184306456431905,0.043129878335197214,-2.037938092060066,,,,,,,,,,,,,,,,,,,,,,,4776680000,-2.1453844534138877,,77.227
1990-10-01,304.0,-0.006698212301042394,0.04448609415538951,-2.1533714769413175,,,,,,,,,,,,,,,,,,,,,,,6360380000,-0.2782848250518359,,76.911
1990-11-01,322.2200012207031,0.05993421454178649,0.06663242684282888,-1.4341831154347542,,,,,,,,,,,,,,,,,,,,,,,5528000000,-1.3357191472502072,,76.379
1990-12-01,330.2200012207031,0.024827757338752088,-0.0351064572030344,-1.1799082767713849,,,,,,,,,,,,,,,,,,,,,,,5616930000,-1.2745904348755766,,75.97
1991-01-01,343.92999267578125,0.0415177499981747,0.016689992659422614,-0.6922689303321464,,,,,,,,,,,,,,,,,,,,,,,6584600000,-0.17771097158673246,65100.0,75.532
1991-02-01,367.07000732421875,0.06728117681278034,0.02576342681460564,0.19936906224835052,,,,,,,,,,,,,,,,,,,,,,,7616130000,0.9845382038886403,,75.248
1991-03-01,375.2200012207031,0.022202832522042026,-0.045078344290738315,0.43515129486934545,,,,,,,,,,,,,,,,,,,,,,,7513130000,0.7636953560773445,,75.132
1991-04-01,375.3399963378906,0.0003197993624997064,-0.02188303315954232,0.31802471763437357,,,,,,,,,,,,,,,,,,,,,,,8131180000,1.3987867943911776,,75.315
1991-05-01,389.8299865722656,0.0386049724936075,0.0382851731311078,0.832145431118344,,,,,,,,,,,,,,,,,,,,,,,7117420000,0.07027701746857087,,75.764
1991-06-01,371.1600036621094,-0.04789262897479862,-0.08649760146840613,-0.12007884135397673,,,,,,,,,,,,,,,,,,,,,,,6094210000,-1.2616521493763748,,76.252
1991-07-01,387.80999755859375,0.04485934295776639,0.09275197193256501,0.5011569745365435,,,,,,,,,,,,,,,,,,,,,,,6579680000,-0.7699898606410696,,76.512
1991-08-01,395.42999267578125,0.019648784624321625,-0.025210558333444766,0.7162452390924556,,,,,,,,,,,,,,,,,,,,,,,6988220000,-0.3812637810639724,,76.589
1991-09-01,387.8599853515625,-0.019143735843086374,-0.038792520467408,0.2514117760929876,,,,,,,,,,,,,,,,,,,,,,,6476640000,-1.1119538935092905,,76.574
1991-10-01,392.45001220703125,0.011834236654519215,0.030977972497605588,0.33710560688653657,,,,,,,,,,,,,,,,,,,,,,,8153310000,0.8111755991433732,,76.286
1991-11-01,375.2200012207031,-0.04390370862630699,-0.05573794528082621,-0.5663664082882458,,,,,,,,,,,,,,,,,,,,,,,7437770000,-0.19466330242871255,,76.028
1991-12-01,417.0899963378906,0.11158785507428148,0.15549156370058848,1.217980526096451,,,,,,,,,,,,,,,,,,,,,,,7787670000,0.10310419642628274,,75.838
1992-01-01,408.7799987792969,-0.019923751783923582,-0.13151160685820507,0.7135750662650883,,,,,,,,,,,,,,,,,,,,,,,10891820000,3.5065200225250006,64560.0,75.702
1992-02-01,412.70001220703125,0.00958954312696414,0.029513294910887722,0.7698308503307851,,,,,,,,,,,,,,,,,,,,,,,8487180000,0.5936778812378329,,75.657
1992-03-01,403.69000244140625,-0.02183186212532784,-0.03142140525229198,0.23861540238392714,,,,,,,,,,,,,,,,,,,,,,,8114460000,0.023558584229394774,,75.815
1992-04-01,414.95001220703125,0.027892713957560433,0.04972457608288827,0.640139592188348,,,,,,,,,,,,,,,,,,,,,,,8262550000,0.05224811127673996,,76.08
1992-05-01,415.3500061035156,0.0009639568254424802,-0.026928757132117953,0.5416082665892323,,,,,,,,,,,,,,,,,,,,,,,6758960000,-1.8131365771187247,,76.397
1992-06-01,408.1400146484375,-0.017358833150663777,-0.018322789976106257,0.09286011520592868,,,,,,,,,,,,,,,,,,,,,,,7849460000,-0.698452064546836,,76.601
1992-07-01,424.2099914550781,0.039373686063305824,0.0567325192139696,0.7284683605137712,,,,,,,,,,,,,,,,,,,,,,,7856870000,-0.8390016427084753,,76.71
1992-08-01,414.0299987792969,-0.02399753160189122,-0.06337121766519704,0.1387402849994858,,,,,,,,,,,,,,,,,,,,,,,6737170000,-2.2251933813658407,,76.731
1992-09-01,417.79998779296875,0.009105593857418715,0.033103125459309934,0.20559676349532435,,,,,,,,,,,,,,,,,,,,,,,7724620000,-1.2498924170172325,,76.628
1992-10-01,418.67999267578125,0.002106282691536565,-0.006999311165882149,0.13678259003346444,,,,,,,,,,,,,,,,,,,,,,,8730700000,-0.27703861880035896,,76.598
1992-11-01,431.3500061035156,0.03026180770368403,0.028155525012147464,0.6273211457980904,,,,,,,,,,,,,,,,,,,,,,,8553400000,-0.645902763029217,,76.579
1992-12-01,435.7099914550781,0.010107766987062838,-0.02015404071662119,0.7206397238431603,,,,,,,,,,,,,,,,,,,,,,,9825860000,0.624574969103789,,76.464
1993-01-01,438.7799987792969,0.007045987892006611,-0.0030617790950562274,0.7520041191252633,,,,,,,,,,,,,,,,,,,,,,,10468310000,1.1648525268522236,64240.0,76.395
1993-02-01,443.3800048828125,0.010483627595407663,0.003437639703401052,0.8553703462374931,,,,,,,,,,,,,,,,,,,,,,,10416060000,0.9132859122752337,,76.327
1993-03-01,451.6700134277344,0.01869729905188877,0.008213671456481109,1.1305448719146787,,,,,,,,,,,,,,,,,,,,,,,10886100000,1.2478738034081815,,76.382
1993-04-01,440.19000244140625,-0.025416810160156622,-0.044114109212045394,0.46319840020938385,,,,,,,,,,,,,,,,,,,,,,,10740170000,0.8852661215138031,,76.66
1993-05-01,450.19000244140625,0.02271746278774489,0.04813427294790151,0.8253998705238321,,,,,,,,,,,,,,,,,,,,,,,10215100000,0.09473052679201478,,77.029
1993-06-01,450.5299987792969,0.0007552285391652092,-0.021962234248579682,0.7200662667248464,,,,,,,,,,,,,,,,,,,,,,,10915710000,0.6984660017751646,,77.516
1993-07-01,448.1300048828125,-0.00532704570835929,-0.0060822742475244995,0.48129399365844894,,,,,,,,,,,,,,,,,,,,,,,10499830000,0.022946619198931748,,77.885
1993-08-01,463.55999755859375,0.03443195614588723,0.03975900185424652,1.097394214294744,,,,,,,,,,,,,,,,,,,,,,,11218260000,0.6476364387779306,,78.131
1993-09-01,458.92999267578125,-0.009987930164805148,-0.04441988631069238,0.739155196737578,,,,,,,,,,,,,,,,,,,,,,,11329400000,0.5690073206816961,,78.199
1993-10-01,467.8299865722656,0.019392922751884534,0.02938085291668968,1.0299630530372168,,,,,,,,,,,,,,,,,,,,,,,12641250000,1.8468299254568366,,78.173
1993-11-01,461.7900085449219,-0.01291062608362914,-0.032303548835513674,0.5930572399024525,,,,,,,,,,,,,,,,,,,,,,,12123490000,1.034998690461267,,78.171
1993-12-01,466.45001220703125,0.010091174724184304,0.023001800807813444,0.6701471019761402,,,,,,,,,,,,,,,,,,,,,,,12016340000,0.6974445653911042,,78.114
1994-01-01,481.6099853515625,0.032500745519977725,0.02240957079579342,1.2437429572691858,,,,,,,,,,,,,,,,,,,,,,,13310730000,1.9302358007781104,64930.0,78.198
1994-02-01,467.1400146484375,-0.030044997286678532,-0.06254574280665626,0.37139142974218503,,,,,,,,,,,,,,,,,,,,,,,11847060000,0.0536520963673957,,78.204
1994-03-01,445.7699890136719,-0.04574651060635082,-0.01570151331967229,-0.8447645248760283,,,,,,,,,,,,,,,,,,,,,,,14546990000,2.7966637584062446,,78.348
1994-04-01,450.9100036621094,0.011530643100964522,0.05727715370731534,-0.7724061013634449,,,,,,,,,,,,,,,,,,,,,,,11358390000,-0.9327915211603142,,78.7
1994-05-01,456.5,0.012397144202814125,0.0008665011018496038,-0.6914397972147674,,,,,,,,,,,,,,,,,,,,,,,11419140000,-1.076050244702025,,79.208
1994-06-01,444.2699890136719,-0.026790823628320082,-0.03918796783113421,-1.4864433719278107,,,,,,,,,,,,,,,,,,,,,,,11868820000,-0.7998394986749108,,79.7
1994-07-01,458.260009765625,0.03148990725890011,0.05828073088722019,-1.0175449493174538,,,,,,,,,,,,,,,,,,,,,,,10315960000,-2.6512885448651957,,80.062
1994-08-01,475.489990234375,0.03759869964992624,0.00610879239102613,-0.41264595908324897,,,,,,,,,,,,,,,,,,,,,,,13094680000,0.10486797958010559,,80.316
1994-09-01,462.7099914550781,-0.026877534841474704,-0.06447623449140094,-1.2871163294542558,,,,,,,,,,,,,,,,,,,,,,,12117480000,-1.1787481207378674,,80.339
1994-10-01,472.3500061035156,0.020833815622011143,0.047711350463485847,-1.0808187733547159,,,,,,,,,,,,,,,,,,,,,,,12970290000,-0.5029936098484735,,80.304
1994-11-01,453.69000244140625,-0.03950461187888721,-0.06033842750089835,-2.232748028849988,,,,,,,,,,,,,,,,,,,,,,,12439360000,-1.3166411854062015,,80.169
1994-12-01,459.2699890136719,0.012299117331743048,0.051803729210630256,-2.215815849531069,,,,,,,,,,,,,,,,,,,,,,,12521260000,-1.4697011346867648,,80.078
1995-01-01,470.4200134277344,0.024277711761677034,0.011978594429933986,-1.9609645949767265,,,,,,,,,,,,,,,,,,,,,,,13281790000,-0.9061877831384905,66990.0,80.026
1995-02-01,487.3900146484375,0.03607414807259257,0.011796436310915537,-1.4810668748225793,,,,,,,,,,,,,,,,,,,,,,,12536160000,-1.931362164933918,,79.991
1995-03-01,500.7099914550781,0.027329195113380722,-0.008744952959211849,-1.2038657517847917,,,,,,,,,,,,,,,,,,,,,,,15393300000,0.7933237169108971,,80.077
1995-04-01,514.7100219726562,0.027960357804911462,0.00063116269153074,-0.9248564232640364,,,,,,,,,,,,,,,,,,,,,,,13217730000,-1.7488142413367578,,80.369
1995-05-01,533.4000244140625,0.03631171269946476,0.008351354894553298,-0.45518742666129947,,,,,,,,,,,,,,,,,,,,,,,15689440000,0.5279165509002196,,80.691
1995-06-01,544.75,0.021278543431649366,-0.015033169267815394,-0.3426745046516742,,,,,,,,,,,,,,,,,,,,,,,16350790000,0.9070855957551414,,81.068
1995-07-01,562.0599975585938,0.03177603957520647,0.010497496143557106,0.018003341334177414,,,,,,,,,,,,,,,,,,,,,,,16364100000,0.6144219100657583,,81.411
1995-08-01,561.8800048828125,-0.0003202374774278205,-0.03209627705263429,-0.43947690061813105,,,,,,,,,,,,,,,,,,,,,,,17019550000,0.9719126760933607,,81.654
1995-09-01,584.4099731445312,0.04009747288732535,0.04041771036475317,0.11546943770513045,,,,,,,,,,,,,,,,,,,,,,,16036370000,-0.36868323053186874,,81.737
1995-10-01,581.5,-0.004979335189770229,-0.045076808077095576,-0.5119897409304743,,,,,,,,,,,,,,,,,,,,,,,17703810000,1.0370333596530696,,81.726
1995-11-01,605.3699951171875,0.04104900278106194,0.04602833797083217,0.07466481872230758,,,,,,,,,,,,,,,,,,,,,,,17146460000,0.12829907909460714,,81.63
1995-12-01,615.9299926757812,0.01744387340596476,-0.023605129375097178,0.03030887185396119,,,,,,,,,,,,,,,,,,,,,,,17670040000,0.34113744870534696,,81.512
1996-01-01,636.02001953125,0.03261738686923121,0.015173513463266453,0.4023691517633667,,,,,,,,,,,,,,,,,,,,,,,20514260000,2.840915059918987,67980.0,81.427
1996-02-01,640.4299926757812,0.006933701784703983,-0.02568368508452723,0.038523803583535965,,,,,,,,,,,,,,,,,,,,,,,19440390000,1.4094602633313877,,81.399
1996-03-01,645.5,0.007916567590839696,0.0009828658061357132,-0.30825237642801867,,,,,,,,,,,,,,,,,,,,,,,19633050000,1.256067778911116,,81.665
1996-04-01,654.1699829101562,0.01343142201418468,0.005514854423344984,-0.5084074394900729,,,,,,,,,,,,,,,,,,,,,,,20827310000,2.0574197111777437,,82.123
1996-05-01,669.1199951171875,0.022853405991703157,0.009421983977518478,-0.4356846773424955,,,,,,,,,,,,,,,,,,,,,,,23471740000,3.966765180936357,,82.6
1996-06-01,670.6300048828125,0.0022567099722681228,-0.020596696019435035,-0.9963365477650659,,,,,,,,,,,,,,,,,,,,,,,19409940000,-0.045919157599217844,,83.047
1996-07-01,639.9500122070312,-0.045748016719207696,-0.04800472669147582,-2.9387882726576815,,,,,,,,,,,,,,,,,,,,,,,20657780000,0.7490925967285104,,83.418
1996-08-01,651.989990234375,0.01881393514756069,0.06456195186676839,-2.9237820197251625,,,,,,,,,,,,,,,,,,,,,,,17076770000,-2.734159333552631,,83.644
1996-09-01,687.3300170898438,0.05420332732833044,0.03538939218076975,-2.0142549164128574,,,,,,,,,,,,,,,,,,,,,,,18711060000,-1.6042395692855507,,83.701
1996-10-01,705.27001953125,0.026101002422918018,-0.028102324905412424,-1.871607166064898,,,,,,,,,,,,,,,,,,,,,,,22247510000,1.1148974940671987,,83.628
1996-11-01,757.02001953125,0.07337615178140577,0.047275149358487756,-0.38165314583715493,,,,,,,,,,,,,,,,,,,,,,,19737430000,-1.3988385504492777,,83.555
1996-12-01,740.739990234375,-0.021505414489508046,-0.09488156627091382,-1.702571254249417,,,,,,,,,,,,,,,,,,,,,,,20942080000,-0.7116265728156486,,83.489
1997-01-01,786.1599731445312,0.061317039054128886,0.08282245354363693,-0.5122989074168345,,,,,,,,,,,,,,,,,,,,,,,25710230000,2.9094010205079885,69390.0,83.529
1997-02-01,790.8200073242188,0.0059275902346540565,-0.05538944881947483,-1.001568204538131,,,,,,,,,,,,,,,,,,,,,,,21753730000,-0.7427410545682455,,83.595
1997-03-01,757.1199951171875,-0.04261401064074877,-0.048541600875402824,-2.9728141308440423,,,,,,,,,,,,,,,,,,,,,,,21954970000,-0.9384000139225603,,83.909
1997-04-01,801.3400268554688,0.05840557906734034,0.10101958970808911,-1.8624917868524986,,,,,,,,,,,,,,,,,,,,,,,22907280000,-0.52849727018311,,84.318
1997-05-01,848.280029296875,0.05857688480332501,0.00017130573598467258,-0.690930460101964,,,,,,,,,,,,,,,,,,,,,,,23012240000,-0.8360709179348151,,84.862
1997-06-01,885.1400146484375,0.043452614795275846,-0.015124270008049168,0.07856595387940553,,,,,,,,,,,,,,,,,,,,,,,23438880000,-0.8851465364171679,,85.397
1997-07-01,954.3099975585938,0.07814580943742477,0.03469319464214893,2.146947475084835,,,,,,,,,,,,,,,,,,,,,,,26289690000,1.0406020316900382,,85.841
1997-08-01,899.469970703125,-0.057465631708528364,-0.13561144114595314,-0.8000456150439628,,,,,,,,,,,,,,,,,,,,,,,24026540000,-1.2498384044093334,,86.151
1997-09-01,947.280029296875,0.053153590615567126,0.11061922232409549,0.4556426965634222,,,,,,,,,,,,,,,,,,,,,,,26063150000,-0.02746818606160131,,86.311
1997-10-01,914.6199951171875,-0.03447769737522033,-0.08763128799078745,-1.6873218304324569,,,,,,,,,,,,,,,,,,,,,,,32868250000,4.773016424356948,,86.408
1997-11-01,955.4000244140625,0.04458685521263939,0.07906455258785972,-0.7543838232526457,,,,,,,,,,,,,,,,,,,,,,,21861260000,-3.880792292424385,,86.632
1997-12-01,970.4299926757812,0.01573159710869443,-0.02885525810394496,-0.8939447455686381,,,,,,,,,,,,,,,,,,,,,,,26885490000,-0.686929646978653,,86.848
1998-01-01,980.280029296875,0.010150177442407982,-0.005581419666286447,-1.2383014123479275,,,,,,,,,,,,,,,,,,,,,,,26471910000,-1.4194836571717437,71930.0,87.164
1998-02-01,1049.3399658203125,0.07044919253631243,0.06029901509390445,0.90565181575794,,,,,,,,,,,,,,,,,,,,,,,26220690000,-2.0145855168921605,,87.374
1998-03-01,1101.75,0.049945714341220526,-0.020503478195091906,2.286682146536805,,,,,,,,,,,,,,,,,,,,,,,30692990000,0.6518154326727847,,87.878
1998-04-01,1111.75,0.009076469253460395,-0.04086924508776013,1.9182548208676073,,,,,,,,,,,,,,,,,,,,,,,30948540000,0.3356965519205854,,88.558
1998-05-01,1090.8199462890625,-0.018826223261468433,-0.02790269251492883,0.3439139801936851,,,,,,,,,,,,,,,,,,,,,,,25854910000,-3.521184815351701,,89.373
1998-06-01,1133.8399658203125,0.03943824063504042,0.058264463896508856,1.3727362855462146,,,,,,,,,,,,,,,,,,,,,,,29451280000,-1.5895331573460763,,90.193
1998-07-01,1120.6700439453125,-0.011615326917385427,-0.05105356755242585,0.14899932761991805,,,,,,,,,,,,,,,,,,,,,,,31792250000,-0.5456337979274483,,90.858
1998-08-01,957.280029296875,-0.14579671825011387,-0.13418139133272844,-5.961820611649593,,,,,,,,,,,,,,,,,,,,,,,30817690000,-1.6722812717809539,,91.405
1998-09-01,1017.010009765625,0.06239551504341101,0.20819223329352488,-4.1177211621827645,,,,,,,,,,,,,,,,,,,,,,,32598130000,-1.0305532489619726,,91.75
1998-10-01,1098.6700439453125,0.08029422856762891,0.017898713524217902,-1.9883901418148218,,,,,,,,,,,,,,,,,,,,,,,37399520000,1.5179149675755461,,91.997
1998-11-01,1163.6300048828125,0.05912599628568138,-0.02116823228194753,-0.4449588175869479,,,,,,,,,,,,,,,,,,,,,,,31148940000,-2.917415978240562,,92.195
1998-12-01,1229.22998046875,0.056375287084956094,-0.0027507092007252876,1.1186683638387274,0.00985154359145497,,0.009066399076669647,,0.014071326160007119,,0.0077942159986561866,,0.011503640861603527,,0.004621522816944082,,0.012323380441688715,,0.004743904673946549,,0.004855421410364323,,,,,,34257120000,-1.5067910870431267,,92.442
1999-01-01,1279.6400146484375,0.04100944085374847,-0.015365846231207625,2.1798082385907445,0.010968180135557152,,0.008860195782648376,,0.014166854017018908,,0.007872274192485203,,0.010904227227315268,,0.004148250705369008,,0.011709889140183869,,0.004443981482519336,,0.004491278031245627,,,,,,36739560000,-0.5205056259028111,73760.0,92.713
1999-02-01,1238.3299560546875,-0.032282562377591306,-0.07329200323133978,0.5168010804546779,0.010210032218271383,,0.009299766212123558,,0.01465624035489929,,0.00808398832942198,,0.011149726409371319,,0.004249787016091342,,0.012209476073939915,,0.004465684324300533,,0.004713245118069587,,,,,,31995110000,-3.7194637743173344,,92.98
1999-03-01,1286.3699951171875,0.0387942154089167,0.071076777786508,1.5581599571736129,0.010559125337601465,,0.009242616330577989,,0.014480610091552023,,0.008160668933443652,,0.010720608020939191,,0.0046694385558690155,,0.012000385920905058,,0.004027703598083611,,0.004618848674973854,,,,,,39198820000,-0.09260404234071609,,93.61
1999-04-01,1335.1800537109375,0.03794402759627746,-0.0008501878126392359,2.570762220363546,0.01023393040484851,,0.009529635829250777,,0.014449495990736708,,0.008068565950678359,,0.00996853613433969,,0.005164691058046892,,0.01330028412947948,,0.004255335941796313,,0.005549712459183958,,,,,,41949600000,0.9415947425986388,,94.435
1999-05-01,1301.8399658203125,-0.024970480796175143,-0.0629145083924526,1.2656906027456774,0.010531658618365514,,0.009184290331733565,,0.014364426011936793,,0.007900656857927102,,0.010117397352455157,,0.005182632240575965,,0.013373427799895974,,0.004415573223037406,,0.005173804174539623,,,,,,34399650000,-3.6812201641414735,,95.36
1999-06-01,1372.7099609375,0.054438331114324834,0.07940881191049998,2.893782382871442,0.01094700818968737,,0.009088016073912162,,0.014221044859869598,,0.007975700301861054,,0.009764499523798514,,0.0050154057544569966,,0.013461114991765404,,0.004360038183378033,,0.005190239798127919,,,,,,35687160000,-3.3112182154462286,,96.363
1999-07-01,1328.719970703125,-0.032046092391091685,-0.08648442350541652,1.4014531959471022,0.011178489813019424,,0.008815446411001175,,0.014253769439591125,,0.007625877059991691,,0.009712093503562834,,0.00527959286666984,,0.013396557805813829,,0.004518167108548982,,0.005300847275540351,,,,,,36248590000,-3.327853135343777,,97.192
1999-08-01,1320.4100341796875,-0.006254091687235008,0.025792000703856677,0.9454660025084176,0.011644153575378445,,0.008480560249386163,,0.013697939600708121,,0.0073780564032852975,,0.009940550573233356,,0.0053709165715291555,,0.013590898344787584,,0.00432932817335794,,0.00509425056109483,,,,,,36065260000,-3.6445685480379564,,97.897
1999-09-01,1282.7099609375,-0.028551792448024638,-0.02229770076078963,-0.290748434478532,0.011936651030504494,,0.008274016941680402,,0.013906045690600269,,0.007484662966217991,,0.009309606122406252,,0.005274500310359955,,0.013918198679857937,,0.004569912803008386,,0.00507951680202437,,,,,,37772190000,-3.1436674098632293,,98.399
1999-10-01,1362.9300537109375,0.0625395414523846,0.09109133390040924,1.7435664873659238,0.011574505829447647,,0.008996867550182832,,0.013751078637915588,,0.007668769076704305,,0.009562000011106013,,0.004890550480836619,,0.012814228513201333,,0.004323499377816975,,0.004893988922580611,,,,,,41516970000,-1.8744611833905822,,98.831
1999-11-01,1388.9100341796875,0.019061858969220413,-0.04347768248316419,2.2604510641475075,0.012472919388121815,,0.008440035001688793,,0.013651025841559698,,0.007529465597540365,,0.009412661108753237,,0.004790750274368381,,0.012295098761631158,,0.004103125092558405,,0.0047344149580403365,,,,,,47138870000,0.15293189033998159,,99.147
1999-12-01,1469.25,0.05784389473992291,0.038782035770702494,4.000495415118447,0.013610902156313808,,0.007787646374289471,,0.014068893009411025,,0.007793072760054423,,0.0082521456448586,,0.004560554313562304,,0.012563894004750378,,0.0037939588654826283,,0.004993400099895348,,,,,,50876900000,1.3395598280586862,,99.541
2000-01-01,1394.4599609375,-0.05090354879190062,-0.10874744353182353,1.9992852504175085,0.013459156777184688,,0.007962569356442942,,0.014448556806475402,,0.007190859519385444,,0.00877142808026951,,0.00484395248978064,,0.012154970216439636,,0.003926414858086233,,0.0046178663714732966,,,,,,54915460000,2.580867458943696,73560.0,100.0
2000-02-01,1366.4200439453125,-0.020108083256356934,0.030795465535543687,1.2477151394377999,0.015178489590540691,,0.007256110667881158,,0.013780922156928626,,0.0069295601747606,,0.007903981318575884,,0.004734080067422668,,0.011720021989129076,,0.003519989650105376,,0.004239155204242774,,,,,,56556700000,2.753038024120112,,100.571
2000-03-01,1498.5799560546875,0.09671982835364812,0.11682791161000505,4.113266280759391,0.015000970716743806,,0.007824473590191627,,0.013695864022719426,,0.007212606903573345,,0.007477854222873917,,0.004853663585387273,,0.01217405030128213,,0.0035601648781760924,,0.004255288267998993,,,,,,69356690000,6.194106639058464,,101.466
2000-04-01,1452.4300537109375,-0.030795755780191336,-0.12751558413383945,2.939998479799555,0.014056037289590864,,0.008151065105312882,,0.013965459802390374,,0.007286829099929931,,0.008124527716422176,,0.004933143074997981,,0.012742326229689653,,0.00391373465201814,,0.0042446457009598084,,,,,,55254430000,1.1350319215343767,,102.54
2000-05-01,1420.5999755859375,-0.021915050603417807,0.008880705176773529,2.222161525421178,0.012876724857583916,,0.008519717388016641,,0.013895655326655813,,0.00704793862950594,,0.008899058371797169,,0.005635926640088919,,0.012972868334456851,,0.00399264728233293,,0.004202801028652496,,,,0.020839698770489162,,50730280000,-0.6636959643547525,,103.701
2000-06-01,1454.5999755859375,0.023933549615877237,0.045848600219295044,2.88498022163223,0.01382773233872238,,0.007917019323799608,,0.013599605780691524,,0.006510807966426551,,0.009183078056144793,,0.005201371016801411,,0.012171326034738092,,0.0037668726533291183,,0.0037535772031799374,,0.00879190964010573,,0.021290742100403295,,55090680000,0.49880462675388126,,104.856
2000-07-01,1430.8299560546875,-0.016341275904170893,-0.04027482552004813,2.3983141009082067,0.013311607041470191,,0.008758078814709113,,0.013620926176307713,,0.006724032330636746,,0.008994580161310647,,0.005086288615829444,,0.012564937276044527,,0.003888735232727707,,0.003849324007032802,,0.009505567064578434,,0.01994138435654091,,50005210000,-1.4476538759921276,,105.723
2000-08-01,1517.6800537109375,0.06069910494167097,0.07704038084584186,3.932627695730945,0.01382622733471489,,0.009095567302228333,,0.013296154145454356,,0.006076378974505815,,0.008376313231254175,,0.005318898882475317,,0.013018890602987975,,0.0038090398579648166,,0.003712045877408491,,0.0088264519164374,,0.018333930626039836,,53586620000,-0.5231434872242638,,106.523
2000-09-01,1436.510009765625,-0.053482974719764265,-0.11418207966143523,2.4385610168963865,0.011983143324759154,,0.009818418621562575,,0.013537958217233506,,0.006427589982146332,,0.009241617974845108,,0.005711834013999111,,0.013355062483588817,,0.004556046554437541,,0.003537328657155191,,0.009614736716820093,,0.01833981867182647,,55565630000,-0.12774414765883338,,107.137
2000-10-01,1429.4000244140625,-0.00494948542177065,0.048533489297993615,2.363625333101045,0.0113529688026409,,0.009782190370630365,,0.013810107234250055,,0.006378462476872697,,0.009932316345841399,,0.00558421537864726,,0.01372340386920355,,0.004844656771191612,,0.003866707944070892,,0.00911652517540028,,0.018654230924592504,,70080410000,4.066858038817722,,107.729
2000-11-01,1314.949951171875,-0.08006861010730892,-0.07511912468553827,0.4331471268277833,0.009809369856489978,-0.5149958360851169,0.010090377244113713,0.3391586157328873,0.013644486099236266,-1.6192651437323404,0.006761719050980917,-1.2740650504331386,0.011169318402823227,0.880369072331017,0.0057518602651347416,0.5376205977336056,0.014410650065400614,0.9695462090600651,0.005263914355017188,1.584405762332027,0.004096929388339474,-1.0432011921509754,0.010113684771125698,,0.016501814704601808,,58714210000,0.36660014631695903,,108.292
2000-12-01,1320.280029296875,0.004053445623728669,0.08412205573103759,0.6784177044863194,0.008803332256507049,-0.9101627934908406,0.010907151707179558,1.0886644707256,0.013813628483281855,-1.4651110452735787,0.007208999147676894,-0.7631000377951224,0.011528876155099598,1.0636310915619158,0.006313506872256658,1.9073855115795693,0.014919478361339137,1.4441423610589108,0.005171122401401514,1.2506760896148417,0.004655271272504482,-0.2231770676126544,0.010768855643546706,,0.015392228581065325,,67957990000,2.863233450328496,,108.792
2001-01-01,1366.010009765625,0.03463657667616449,0.03058313105243582,1.6438047529043363,0.01013562593171762,-0.1338181381833994,0.010516996518832202,0.5072793856774249,0.014316393889326469,-0.9835553848009557,0.007777920832531303,-0.11795891357356372,0.010330489628612285,-0.011725424868119384,0.005907706594894139,0.6122999906592592,0.014475392433965896,0.7475805701289916,0.004716764601459435,0.22140051784381823,0.00437931158165327,-0.7229273722626989,0.0104563192605435,,0.017459442636935347,,77229580000,4.816672238681078,72350.0,109.215
2001-02-01,1239.93994140625,-0.09229073539585964,-0.12692731207202412,-0.4267727333751398,0.00838509302725214,-0.9289538841072189,0.010806799372547892,0.6900652364403448,0.015469737377613662,0.22698161185854837,0.007956897899875442,0.014759208004055549,0.011449603150127767,0.8442182529829159,0.006429369138864462,1.8329839068642924,0.014991463463078046,1.25958155213048,0.005304180065311765,1.354371957100851,0.004887050787795291,0.02345726246642434,0.011360927140134055,,0.016890991677847144,,58072440000,-0.4041385329528165,,109.643
2001-03-01,1160.3299560546875,-0.06420471080339152,0.028086024592468117,-1.6255290547788697,0.007933513979335796,-1.0348151100534386,0.011202356045859296,0.980444061915066,0.015472611660733037,0.0552691604652506,0.008378828853802719,0.4645793305278557,0.011386565858247445,0.6973448199951712,0.006665523163724539,2.122669741853208,0.014485798330595072,0.5026970858477613,0.005586847387670175,1.7528625121404762,0.004960813717864002,0.05731302949056092,0.01212523958691791,,0.016634990888885218,,72525870000,3.1161611661578386,,110.395
2001-04-01,1249.4599609375,0.07681436165439459,0.1410190724577861,0.14867082456888878,0.008558870428982209,-0.6010565588853956,0.010779544184909574,0.3517458541845,0.015429665670500615,-0.1774925768662764,0.00814199644822138,0.02146397509973213,0.010779631960868641,0.09511779373040838,0.006829205465574189,2.18196659695267,0.0149904515632535,1.032040011461144,0.005438686199731212,1.332675784836217,0.005098310493835423,0.19305319703447518,0.011623907694593837,,0.016144818388823454,,68059950000,1.818700439761585,,111.247
2001-05-01,1255.8199462890625,0.005090187401275648,-0.07172417425311894,0.4643652865889214,0.008166745120156863,-0.7000791103201147,0.011196849426017166,0.6925041366144602,0.01593786369362102,0.2701860146850574,0.00829363616295496,0.1087834837343646,0.010882508692195527,0.10999530478775923,0.006730424905447556,1.7344399085292217,0.015538701363291246,1.5596517845149078,0.005449087595285116,1.2507511171957775,0.005267585554056567,0.37825842989409575,0.011829647621129629,,0.015841806719340042,,65991650000,1.169805753162452,,112.202
2001-06-01,1224.3800048828125,-0.02503538942756467,-0.030125576828840317,0.11725061872080918,0.008540158999577373,-0.4011225302548414,0.01140217503981258,0.7819891474143683,0.01616246235962657,0.3551695525140898,0.008439618088854562,0.18518419300525832,0.01064568101920206,-0.17406930115046587,0.006274147343910408,0.6115175010524483,0.014952946168346325,0.714495113418299,0.005308581895472647,0.9043754176227113,0.005216382655677833,0.18091144819082025,0.012748532956382081,,0.015758560203311605,,61325410000,-0.09687511463165366,,113.272
2001-07-01,1211.22998046875,-0.010740149595403703,0.014295239832160966,0.0992269038040781,0.00803529066341436,-0.5722779198805976,0.011416387136987881,0.6510247559757186,0.016011723000170522,-0.04431832091450174,0.00891048014007907,0.7162510972979684,0.011088834258126767,0.15530145600837925,0.006269127105867373,0.515038327786144,0.015083899279468387,0.7807594532385411,0.005317981381462703,0.8617869633100197,0.005258674259473216,0.14430496300229995,0.012664670408236075,,0.016293953849453296,,56606240000,-1.3468297894435632,,114.228
2001-08-01,1133.5799560546875,-0.06410840688075747,-0.05336825728535377,-1.0415462366237689,0.007537870423884164,-0.7374534742989263,0.011391835247230675,0.4794483516140621,0.016240107254384878,0.048212606885833606,0.00868736022400557,0.2505306020556639,0.011905171134329576,0.8201881835347763,0.006414988237494706,0.7609290198050418,0.01556389006714955,1.266839304000649,0.005479782817125941,1.111233232826077,0.00559590540263832,0.6267141312335175,0.013898477400063126,,0.015635246964152628,,55796550000,-1.6036903010982746,,114.989
2001-09-01,1040.93994140625,-0.08172340570563885,-0.017614998824881378,-2.375978901512571,0.006864367063066265,-0.9910032044130478,0.011706660266693873,0.7150137782386456,0.015124706203722598,-1.5801264329953872,0.008265495783875,-0.5044170204515338,0.012949067261867068,1.6287458754584374,0.006313619518832279,0.44614799434739993,0.014465668235730084,-0.2042012118466545,0.0059104270046896,1.80841680723179,0.005372127872951598,0.09910172336164684,0.014436006428703775,,0.017016633112984292,,55854740000,-1.6379214106866615,,115.465
2001-10-01,1059.780029296875,0.018099111333141016,0.09982251703877987,-1.801535866556211,0.007477865862062094,-0.5545662066652721,0.011335486824151626,0.12448121349709414,0.014931691443444719,-1.9024771789877548,0.008546214045710768,-0.2228246159238488,0.012637660145434349,1.23508663034867,0.006451166801029474,0.6859018551005425,0.014460628825135761,-0.2792734397216529,0.005499808350864425,0.9730911346512782,0.0054195337007318135,0.06492802937077266,0.013350552779415319,,0.014881482667082713,,73837170000,2.539921680540657,,115.681
2001-11-01,1139.449951171875,0.0751759041240454,0.057076792790904385,-0.24823440991138832,0.007994197374671295,-0.17874216902006393,0.011227574855314346,-0.14004670778642986,0.015498694328618074,-1.3361927739189252,0.009007180409205803,0.3279719946242143,0.01227329391612121,0.8281607577896225,0.00566503157442588,-1.2066115276172376,0.014795056824378367,0.08700347912870336,0.005050681408174774,0.09458091369243361,0.005679626487271669,0.42310121652628974,0.013231327162378537,,0.014178006205879473,,64654730000,0.31924398689221983,,115.837
2001-12-01,1148.0799560546875,0.0075738340889277556,-0.06760207003511765,0.1015747690437306,0.0077595116307468594,-0.22576861375345136,0.011360224579910136,-0.10189237796203283,0.01575434677739275,-1.17794248278905,0.009345633196176829,0.6890048345092157,0.011941936197238703,0.4659258247093848,0.00594392234984191,-0.6050378294369307,0.015348771024695082,0.7384949378484531,0.005173358988331933,0.3106176189183315,0.005468111049480647,-0.10501188204335508,0.013415453947662914,,0.01447172587798646,,60667950000,-0.6647696469689034,,116.054
2002-01-01,1130.199951171875,-0.015573832456979853,-0.023147666545907608,-0.003125272228102232,0.007796879384438119,-0.12201434892588592,0.011408312204774416,-0.16847440629149,0.015884810867152887,-1.1748738539718475,0.009805503894866155,1.2143779251021514,0.012049673820755584,0.5048425974024979,0.005823119426396956,-0.9360246362216587,0.014606559829576789,-0.31726965167225885,0.005065840219545119,0.08483356067362847,0.005684275088814743,0.18105195806349916,0.013643055926232028,,0.013311257918045475,,68842180000,1.1915363539346568,71770.0,116.436
2002-02-01,1106.72998046875,-0.020766211039727644,-0.005192378582747792,-0.20664224796164937,0.0069258654230288505,-0.5419313573396751,0.011448603022424063,-0.24239822531663008,0.016967571960192943,-0.037877429784591965,0.010067681760661312,1.4166290024689425,0.012563692723253462,0.9104258664390018,0.0061498349401389665,-0.22249967034773507,0.015289941676523647,0.5346036270120192,0.005163696747758631,0.2646551573640565,0.006112013863489667,0.867428169907925,0.014207926783400387,,0.012569864251606935,,60070290000,-0.88634293704562,,116.917
2002-03-01,1147.3900146484375,0.03673889286207466,0.0575051039018023,0.6588788941742543,0.007010407538221245,-0.4110384952167487,0.011773502802407255,0.05689532794904171,0.017315771059892106,0.2011467695617142,0.00983445675605056,0.9035878386360242,0.012313908544506846,0.626546467785449,0.00645702060813546,0.4428107694706966,0.015147116406875787,0.2721949907490479,0.0052462908545198375,0.4162184148439411,0.006076708704016705,0.6558830116850469,0.014534408988470457,,0.012071858178149096,,61182570000,-0.658789414947911,,117.93
2002-04-01,1076.9200439453125,-0.061417625919219065,-0.09815651878129372,-0.35383005688467345,0.006566094600719396,-0.5931640860768351,0.012225126228034072,0.525032302578994,0.018336613390033178,1.2569556051008217,0.010185000766254948,1.2590343979325147,0.0126320955590765,0.8672080883954245,0.006631894158569887,0.7825342913335728,0.015024489482640754,0.04004968619013694,0.005250404975941749,0.41240441852914017,0.0061685179322927605,0.6944543597238239,0.01553091663021477,,0.010991446728731806,-2.011880457510626,67217410000,0.7014613522394246,,119.209
2002-05-01,1067.1400146484375,-0.009081481352177012,0.05233614456704205,-0.3503695210795429,0.006351475417812904,-0.642415481452576,0.012299858693840583,0.4939216885571619,0.01876263975474293,1.5422136922672884,0.010225539781407276,1.1556016769369377,0.012605829125014827,0.7952784764874719,0.00657491692629419,0.5614899156662052,0.015227946407296902,0.2613756849133832,0.005254484101255421,0.41066687474784447,0.006533683296669382,1.2513832236200058,0.015975904314236164,0.9790218867741476,0.011131819919638629,-1.5604934537858945,66708310000,0.5472917060477613,,120.788
2002-06-01,989.8200073242188,-0.0724553538081798,-0.06337387245600279,-1.4771142764904204,0.005932608225606734,-0.8145215930411752,0.012693467491111757,0.8884329254741398,0.018781354420313087,1.3489245076954293,0.010443659594118866,1.3125299188085187,0.012205664941400837,0.3881543231562728,0.006828894623126011,1.084980483549569,0.015410587554173155,0.4545376632592741,0.005283924321204183,0.46232691524974173,0.006924095853319045,1.7988382851090847,0.017498325158993123,2.698275530528327,0.010027445725716956,-2.108559767614526,66619740000,0.4967727967764264,,122.334
2002-07-01,911.6199951171875,-0.07900427514940767,-0.006548921341227865,-2.5493866169920105,0.005830753105989282,-0.8006921507663329,0.012636543583140366,0.6810033846951908,0.019803060572113704,2.253887218357494,0.009985556607526709,0.5030461990563849,0.012686842627756247,0.8081336134817857,0.006387384986638308,-0.0795573915164531,0.015785402283894023,0.9131763141455929,0.004892576698338281,-0.3554213939868072,0.006665421086809023,1.1501964545339762,0.01810385232788845,2.666981628636265,0.009519388941082013,-2.1143584544220477,87466390000,4.728393564332221,,123.688
2002-08-01,916.0700073242188,0.004881433306494376,0.08388570845590204,-2.2823106768833377,0.005753806193941977,-0.777368662866874,0.012809754106749126,0.7891168609157776,0.019897474853405223,2.0836360691140783,0.01023692390063996,0.7488679419469338,0.012725971475840554,0.8145374375484484,0.006452109994336024,-9.893926997902414e-05,0.015464368128531282,0.39049936584870554,0.0050618699734377446,0.0016863293913361842,0.006597555554737522,0.8847939574127692,0.018080955731506077,2.047165340878552,0.009733872076224686,-1.6818730224547058,60789160000,-0.8369325425177787,,124.731
2002-09-01,815.280029296875,-0.11002431825242787,-0.11490575155892224,-3.5424394387220253,0.005386086297425246,-0.9308465317933392,0.012739062635223172,0.5720258376067399,0.020972449434581857,2.8180279201032716,0.010477031647200518,0.9754485444139276,0.01326563172372654,1.2816534359278762,0.006732446446196563,0.6106396922026301,0.01537097812600037,0.19621481360459905,0.004999183677835184,-0.13264045067628122,0.006451012051388473,0.482225751255917,0.01931378517224868,2.723916922160436,0.009191554678485902,-1.8088449364888985,56753390000,-1.6583316329987918,,125.495
2002-10-01,885.760009765625,0.08644880033371405,0.19647311858614191,-2.320343219677807,0.006185372351073145,-0.38985432724655217,0.01279754776158032,0.5377561323655735,0.020429336730545387,2.0399006264705224,0.010294203312267972,0.5821643491000272,0.012685162429890469,0.7147690497301455,0.006310960929707037,-0.5444830322636023,0.014843707579064698,-0.6233062898160127,0.0044954194584666575,-1.1938210244640426,0.006276711407818972,0.03142394956999347,0.01705817730238614,0.002568505620968875,0.011135630100676034,-0.3173661830124974,76586470000,2.3291462614603224,,126.138
2002-11-01,936.3099975585938,0.05706962070498589,-0.029379179628728158,-1.478480035153974,0.006779097505798865,0.019920853215190545,0.012557410927138439,0.09610573075567697,0.019923592955198407,1.4098831498701927,0.010189139903039685,0.3138083058389378,0.011667615706603624,-0.25223566450199086,0.00621680845471625,-0.8680134236141117,0.014775973080869642,-0.7673742674034281,0.004376292187909353,-1.4076023532249735,0.006652287574925021,0.6427496830286399,0.016918364329383463,-0.4176456910561765,0.011794229058199721,0.2539762947773315,64874610000,-0.03338136149705151,,126.644
2002-12-01,879.8200073242188,-0.06033257188502883,-0.11740219259001472,-2.178715975244613,0.006260860128508063,-0.2609180192890703,0.01263952204621154,0.10943644036527694,0.020405972374137972,1.720275489723168,0.009919530882164105,-0.19881762590585994,0.012451790789242656,0.5018461296020884,0.006617503774374572,0.0537036581388837,0.015107013135857158,-0.33138445127327776,0.004808173911692226,-0.48590086186781845,0.006755153093093285,0.7230232141494305,0.01810939408931173,0.6295584659574543,0.0115973286557427,0.20178306176698219,55116270000,-1.9534247560084064,,127.152
2003-01-01,855.7000122070312,-0.02741469268304464,0.03291787920198419,-2.3983337719665045,0.006285103729093212,-0.20741138524589237,0.012830395485980566,0.28054469539244314,0.02091005301506321,2.0158342638845586,0.009859306058386471,-0.38503356868629063,0.012366168857819472,0.4236304913290649,0.006633401031392127,-0.01900004610829584,0.014695475712936907,-0.9852561852362074,0.0048275345388578954,-0.4458662361069749,0.006598982048695598,0.3031131905379743,0.017933347641679913,0.15464406197769018,0.011361168666661103,0.11307548958042149,61647610000,-0.6663405286701798,71810.0,127.653
2003-02-01,841.1500244140625,-0.01700360825687175,0.01041108442617289,-2.4833881156958983,0.006424795917897178,-0.0851061507589426,0.01264971082042306,-0.07479583203045216,0.020797425944036753,1.7796808314952288,0.00998496129965587,-0.27889577807503524,0.012194719240103439,0.26728992869201024,0.006946523723602287,0.6680342668158615,0.014719445361945032,-0.9897145201377561,0.004648416984353261,-0.8292284083071919,0.006535065109848766,0.0684687942989646,0.018596421875292514,0.6302303291254129,0.010787607775682039,-0.23429857943992047,49609340000,-2.914182974382987,,128.326
2003-03-01,848.1799926757812,0.008357567684332823,0.025361175941204572,-2.300313890064912,0.006275007387608506,-0.1506945133008188,0.012427661163562462,-0.4849274977728785,0.021360276495348027,2.1141685484134456,0.010134983921584741,-0.1298546920324486,0.012095078233631712,0.18540016594879397,0.006897361458008988,0.40083065087250486,0.014752554063477917,-0.9825387778485539,0.004843415936265186,-0.41314360125585736,0.006520917694611358,-0.06444625676133732,0.018800280802882378,0.5819296351825816,0.010689504310448735,-0.23087921809817116,61217020000,-0.7140332515338838,,129.308
2003-04-01,916.9199829101562,0.0810441071800323,0.07268653949569948,-1.3654053121323901,0.006336326706402667,-0.08404283174417355,0.012941284372631312,0.1781900709762653,0.02040968539721944,1.2349294784866949,0.01047232436499759,0.3196876586065885,0.011519701997301837,-0.3625512372755708,0.006325963823895346,-1.2305628896587808,0.015123606436462616,-0.48530421665049206,0.004867472487849649,-0.3718962530452155,0.0065768415803773685,-0.05379930419934832,0.018017068636328328,-0.5991204904950712,0.010832372517085178,-0.050906715572614024,60431040000,-0.8670351889168422,,130.488
2003-05-01,963.5900268554688,0.050898709609522585,-0.030145397570509713,-0.7534055140844031,0.006547017200488058,0.07641746154355532,0.012941549840287787,0.09163025660727293,0.01982225654552769,0.7000501623942101,0.01049495698611157,0.27368270270930606,0.011500679114986142,-0.352422212318,0.0066587974789039835,-0.5000123288397093,0.014781153786369294,-1.0452222536531184,0.005099758889318414,0.12105448765608907,0.0064519229313596315,-0.40794858701704534,0.018210981577212647,-0.6308675785010899,0.011144842878135107,0.2533026810299351,69375410000,0.7964554049801845,,131.839
2003-06-01,974.5,0.011322214676852127,-0.03957649493267046,-0.6254843421376869,0.006519553965944826,0.07787468151683132,0.01285086661623098,-0.12593593293172278,0.020465989795447986,1.2085627089965014,0.010527906814191572,0.24992445636644617,0.011480432219723054,-0.3408631931451336,0.006499697576124525,-1.0691205073038044,0.014920936846745326,-0.8872675692695288,0.005111095904080668,0.1223147721853993,0.006437254661532657,-0.5325925182772935,0.01832169933524604,-0.756584509308018,0.01147989690946028,0.5658239484149366,72390390000,1.3242806721723432,,133.225
2003-07-01,990.3099975585938,0.016223701958536507,0.00490148728168438,-0.44704010720447374,0.006614664697697211,0.15776056391895033,0.01319685876429925,0.3133126646973185,0.019837134602454856,0.656448559787111,0.010551039687304453,0.2160322208468977,0.011280341348130527,-0.5084562235778832,0.006169879743373888,-2.024664312516069,0.015168005576065782,-0.5771549274209049,0.004692983644185457,-0.832840748717352,0.006832566437850314,0.19022904308341695,0.019020155111428558,-0.18912565167123474,0.010772469399372176,0.043555317880621176,69765770000,0.8017483836908488,,134.647
2003-08-01,1008.010009765625,0.017873203593487874,0.001649501634951367,-0.25488488202447684,0.006808669355375848,0.30111550104656876,0.01281331031236853,-0.34416073919249307,0.018766994534622453,-0.25835671644421065,0.010895523420010468,0.7101845196555158,0.011269445188370303,-0.4808286331930081,0.006448225198689259,-1.4530182537093526,0.015481489524279277,-0.17185499307503102,0.004702167516710025,-0.8310937200838182,0.006898717360896326,0.22965758969677563,0.01884319878928766,-0.6693527812127299,0.010620856591150135,-0.03799428332806063,55175530000,-1.8985464746470346,,135.965
2003-09-01,995.969970703125,-0.011944364585525724,-0.029817568179013598,-0.4608930182312492,0.0068311869383952855,0.3267464909958522,0.013083197470862187,-0.003957389830133352,0.01904329395221416,-0.011280852020315502,0.01050099278574568,-0.0023084545262071956,0.011360826003684772,-0.34710711844137965,0.006391608340638163,-1.732499608352364,0.015240058246821358,-0.6078561268424532,0.004995639355490989,-0.20153288978190406,0.006667616328947004,-0.3528071763849212,0.01963330676140393,0.02111319598535112,0.01041284419411922,-0.17254876713147574,69857290000,0.7609937295881376,,137.076
2003-10-01,1050.7099609375,0.05496148663571665,0.06690585122124237,0.1942493864749801,0.006949959815175658,0.41554691457910947,0.01326056997680837,0.19786339996004412,0.018174496634646216,-0.7447696360044135,0.010859795930625405,0.5378920555378645,0.011256521411303927,-0.41467555162824715,0.00611656010860286,-2.4648138995605393,0.015339258030516941,-0.5259264693369907,0.0047678108331234365,-0.7525685641911062,0.006922449471914684,0.09614993885369563,0.018934157693203165,-1.0989919736704425,0.010424172306764307,-0.13247906455841538,73525370000,1.38005494823832,,137.976
2003-11-01,1058.199951171875,0.0071285040713728876,-0.04783298256434376,0.22077011146750597,0.006999247024435058,0.4549392533274955,0.013118251352498058,-0.09163750989317004,0.018432553510450266,-0.49260843299788626,0.010879684190348024,0.517853305780513,0.011308396053178916,-0.3184532900388439,0.006120790101777945,-2.498874436017456,0.015532478626735452,-0.30280965656816167,0.00474479805693977,-0.8396107939200086,0.00702868683117705,0.2298417485021426,0.01961684006585014,-0.526147456165509,0.010175654055867647,-0.31631621141885674,58513150000,-1.3615174747947865,,138.766
2003-12-01,1111.9200439453125,0.05076554077889206,0.04363703670751917,0.8387488775871426,0.006869958439589897,0.3702912884092244,0.013050710701758257,-0.26093717841317016,0.018557164165307824,-0.3527505342953455,0.010768758180918358,0.2852387583394393,0.010953496978597406,-0.6474620901838639,0.006587721301972401,-1.6032695239777737,0.015761747175740866,-0.02598584094472744,0.004811424479920569,-0.7291193687806046,0.00734484349367302,0.8134910947249308,0.01939459674048829,-1.060757310498115,0.010439969041368454,-0.0723852251380909,63310010000,-0.531444070342365,,139.628
2004-01-01,1131.1300048828125,0.017276386950755285,-0.033489153828136775,0.9957845117781501,0.007041576237368497,0.4926904602253799,0.01324865098669716,-0.00920502034571918,0.018744186880687123,-0.15330088838413886,0.010525357867185713,-0.16532693742605922,0.01076747393245809,-0.794535511025304,0.006621578619948141,-1.6965343477584236,0.015650389608833897,-0.2818006685126787,0.004827020849635833,-0.7409745019337685,0.006900898463337303,-0.24134886493775767,0.01984112859918994,-0.7732786500519262,0.010545440901071063,0.029471989673499784,78792690000,2.152776593304705,71700.0,140.705
2004-02-01,1144.93994140625,0.01220897373761054,-0.005067413213144745,1.0713214203693853,0.006779860591056009,0.31205131232206007,0.013462814459491214,0.2714711821232991,0.018715360065539737,-0.14098183512675957,0.010624241784983349,-0.02653031384035698,0.011243231372532504,-0.24287167542494315,0.0068854037248911116,-1.3190007618624695,0.015347213833520197,-0.8359026450201961,0.004858930242939061,-0.7210240137672723,0.007173107375107524,0.2652533976442479,0.019954725264485336,-0.8985116650975238,0.010745770421622057,0.20786117300345425,63902440000,-0.522012744571136,,142.028
2004-03-01,1126.2099609375,-0.01635891961786684,-0.02856789335547738,0.7221859939561318,0.0067095649155064566,0.265317901772825,0.013527764077686846,0.31656581917740234,0.018233392197432623,-0.529203245300748,0.010734277543510062,0.13713523841189662,0.011401888540937741,-0.03025018443322931,0.006956150463092429,-1.3765579845783753,0.015411594607123935,-0.8095435729842123,0.004992400243195469,-0.4747070408002937,0.007124255879798117,0.06920285443407911,0.02138215102745398,0.5979556293953141,0.010628112564914992,0.10210508004483845,76095400000,1.5489413195365576,,144.079
2004-04-01,1107.300048828125,-0.016790751960348183,-0.00043183234248134195,0.3709288360451382,0.006563504505896923,0.1641984292988695,0.013159756737734155,-0.3322529995274985,0.01912100297739985,0.319213911084107,0.010793798779065422,0.2188370806154914,0.011748657287254485,0.38467082833077465,0.00719551029547232,-1.0919483525692504,0.0156688571312188,-0.4829242808588519,0.004860519836314665,-0.8453192805077656,0.006910384683108878,-0.48932247540298424,0.018498619626034697,-2.9657306148251745,0.010754640687710135,0.20765201468838118,71765020000,0.722252338859862,,146.18
2004-05-01,1120.6800537109375,0.01208345009735412,0.028874202057702303,0.4327999789177143,0.006739332644227056,0.2921095628674393,0.013224596380349849,-0.2755455495204217,0.01883149784366204,0.10266693796998057,0.010732882797778927,0.0958112176624972,0.01154328977940575,0.20042537819441705,0.007088165635843845,-1.5493924716227117,0.015862965847262236,-0.25868847516203514,0.004860254450248464,-0.912111660774523,0.007019673802892858,-0.3267752881709924,0.01952246662831047,-1.9488877460037017,0.010354658720427214,-0.16327931170887483,61979180000,-1.039860015249044,,148.335
2004-06-01,1140.8399658203125,0.017988998771432563,0.005905548674078442,0.574991347273822,0.006800944299773983,0.3371009030971207,0.013048352215512466,-0.6085112360246054,0.018429632161575712,-0.21391122298911128,0.010570471635482654,-0.20040220983812324,0.011401517690747709,0.08537072715634135,0.007397150430018487,-1.139680061864078,0.01654448103530574,0.7427136713605205,0.004857052053465737,-0.9888038744802897,0.007241614507101134,0.08939348167133163,0.01973463724623388,-1.8762701196420841,0.01041380970072956,-0.12313799438276748,60131590000,-1.4122484654862408,,150.519
2004-07-01,1101.719970703125,-0.034290519520026264,-0.052279518291458826,-0.045505573824200125,0.006613763847892976,0.20155300001596455,0.013223286142328945,-0.36248383492760383,0.01805990444628372,-0.49790790895710435,0.010530542855132633,-0.27402981469131654,0.011223462071578863,-0.07031510056389978,0.007895834406706045,-0.35197265023695845,0.016653735987984874,0.8194350921551933,0.005105718036484146,-0.4900955885306845,0.007327947529940866,0.2007297820063477,0.02048997698411907,-1.2762834918710033,0.01116222009902175,0.5418519238128141,64997300000,-0.6534462839996215,,152.338
2004-08-01,1104.239990234375,0.0022873503233691306,0.036577869843395394,-0.1291682748020383,0.006306750116958625,-0.021862987922896697,0.013622354736945903,0.25618950601883644,0.018311512595050993,-0.20511626571875766,0.010485789285274468,-0.35091886887525126,0.011396809778017394,0.16309529878444584,0.007756431128338986,-0.9345887632748001,0.016627656967207586,0.6800847240423672,0.005301043177934971,-0.12231978952596502,0.007434144583632824,0.35835351740261145,0.0221283275585473,0.2289393683090764,0.011202228226239546,0.5485780789878578,57410460000,-1.9957979101802268,,153.814
2004-09-01,1114.5799560546875,0.009363875526838816,0.007076525203469686,-0.11658150096245734,0.006429837752182514,0.07040964325415455,0.01337175973527154,-0.20407735788232903,0.017824416505788917,-0.5991102303769605,0.010688088547252826,0.02114380982968447,0.010993700201322164,-0.24902212424899497,0.008434707958282,0.22348890200169555,0.016827539397844992,0.9045189903670597,0.005285200072661946,-0.2564325220977137,0.007661177417319861,0.79061642152103,0.02183388397022377,-0.3379106343100911,0.011386209353748407,0.6841076766115278,58124950000,-1.9253035492580404,,155.108
2004-10-01,1130.199951171875,0.014014243690939843,0.004650368164101026,-0.03824191828035811,0.006619552695100273,0.2115873940764347,0.013256457504419136,-0.43426835230128913,0.017187316386887086,-1.1235092709157546,0.010966039181904214,0.5342957962856619,0.010911836185943056,-0.3007074033377085,0.00836814315056124,-0.23377622781257001,0.016764553944884526,0.7057479433895333,0.005466000781786832,0.07263183284489412,0.0074839970708848146,0.29724588084310705,0.022639042852384345,0.2853129295630933,0.011387702139135968,0.6463667612466857,67486380000,-0.46623332303756065,,156.298
2004-11-01,1173.8199462890625,0.03859493629597055,0.024580692605030707,0.3939794149692933,0.006699270302216124,0.27031171035480966,0.013160897095216865,-0.6271377894171186,0.016871950633911448,-1.3352073830031825,0.011000911033541935,0.6085355850761704,0.010766594522081216,-0.42554607232508096,0.008600594678384303,-0.04870242064455567,0.01715498836670347,1.235173835304654,0.005497275979356345,0.0408191163709288,0.0077920797896054396,0.9215516899582271,0.02272335891639428,0.1226034640392207,0.011409032507558028,0.6249735056958966,68388490000,-0.42495511317086837,,157.496
2004-12-01,1211.9200439453125,0.03245821284320516,-0.006136723452765391,0.7494362289048524,0.006658436239587456,0.2382590690826211,0.013274168343649391,-0.46417679055415084,0.017242675272855723,-0.9179469855169049,0.011152815938458805,0.8980636666000236,0.010818032135518267,-0.3282503457419492,0.00809523587539707,-1.4623860927130266,0.01702825122035558,0.9303812712447037,0.005455591809881277,-0.169655199191774,0.0076480212464201175,0.5011725819533918,0.023155136333936305,0.34411770482658033,0.011329323427493156,0.50692340759325,75482420000,0.6265122913865396,,158.67
2005-01-01,1181.27001953125,-0.025290467442294018,-0.05774868028549918,0.22179149234822543,0.006446120394784976,0.07639939064890396,0.013324180723158626,-0.40679758176586955,0.01713927270991191,-0.9450378384097876,0.010952600616784354,0.5499074048810428,0.011228559617200188,0.1786005521445337,0.008586545874563551,-0.7169963393336293,0.016980890778347423,0.7601873987923708,0.00571572158698224,0.3491738217011209,0.007606296703697565,0.3206477136412211,0.02173127497684191,-1.4649217028588006,0.010991892543725491,0.1430430824061203,74634770000,0.3538879359905089,72810.0,160.13
2005-02-01,1203.5999755859375,0.018903346132113308,0.044193813574407326,0.3773192936940581,0.0063360554803547015,-0.007974632556371502,0.01298941448110329,-0.999724047025487,0.017327365738627334,-0.704709851914514,0.010692122667735374,0.09715477509176229,0.011006078502794808,-0.04799632948758582,0.009841135509256645,1.6494640637272262,0.016858997224208666,0.473184309651809,0.005729999639448347,0.26572506665234275,0.008053171239418367,1.2703717859427883,0.022039675375214594,-1.338582595709344,0.010975740946324863,0.08504088849880408,65930560000,-1.211301946430553,,161.925
2005-03-01,1180.5899658203125,-0.01911765556028966,-0.03802100169240297,-0.04893394968374049,0.006333269577867428,-0.010476257086702365,0.012738743077134804,-1.42863044479497,0.01756649578556057,-0.4204781410527076,0.01077313542759559,0.2811394275484703,0.011122268335595504,0.11676645846532989,0.009841373322591688,1.2857599777665902,0.01718005326378527,0.9078128807662128,0.0059062822245461435,0.5774405209976945,0.00799191685727175,1.0314660489388559,0.021898650290087477,-1.6800440005280797,0.01102221488414337,0.08560847591446993,78794530000,0.7587391264016137,,164.577
2005-04-01,1156.8499755859375,-0.020108582083263493,-0.000990926522973834,-0.4798895003420777,0.006235237564782422,-0.08679907795208598,0.013023060510725272,-0.952603442178717,0.01855136930108585,0.5620523794860857,0.010294640153203864,-0.5728624401104286,0.011232175766058892,0.27138063682821345,0.009499818110640434,0.20566561019769597,0.016893069896691065,0.350779776284387,0.006213583382619766,1.200249789611844,0.007574515447537516,-0.029043908436605734,0.023604872999282996,-0.06991743749178314,0.011277878105638808,0.2883556915222752,80942200000,0.9460616862622742,,167.001
2005-05-01,1191.5,0.02995204663120865,0.050060628714472144,-0.1577920035074482,0.0064741891820141615,0.09827117577536598,0.013017795289007997,-0.9689573950348015,0.018239215397804764,0.316606832972304,0.010613326610160184,0.07020781597369259,0.011159259733711527,0.2077075956673677,0.00948058083134442,-0.18123432245209478,0.01692204829578984,0.3155307389778811,0.00602887170033649,0.6159403096665627,0.007306982177273345,-0.736877078774764,0.0237770624837103,-0.11561892814863835,0.011045287048621583,0.009192474155834403,73545400000,-0.4226757953060779,,169.546
2005-06-01,1191.3299560546875,-0.00014271417986777557,-0.030094760811076426,-0.28296659527292567,0.0063916874799871915,0.031720427497539595,0.013181948447006084,-0.6969541242601763,0.018145358629522896,0.27734468907307847,0.010569083413384566,0.03244304263843788,0.010945214537303875,-0.026417476297194736,0.010143698366954852,0.9064974113700908,0.016478645533141212,-0.5003635610633924,0.0063887083733589495,1.3625363873548861,0.007161737912263849,-1.1491866394760153,0.024848126801152736,0.8209151543974816,0.011224490073647134,0.13707616777538986,77036360000,-0.01878590124657735,,172.017
2005-07-01,1234.1800537109375,0.03596828690361842,0.036111001083486194,0.1458274695977426,0.006519763603884039,0.13053263806567172,0.012922874464054499,-1.1377277943281188,0.017910487841088035,0.10160443180670675,0.010781015757977205,0.4831152856262324,0.010904228885584481,-0.05750967904194911,0.010485405941533686,1.2814625327860398,0.016512886528855478,-0.51931652809574,0.006305631205427716,1.0216306906417902,0.007295166980485348,-0.9111271986503515,0.025569347359348585,1.3590561885298293,0.011191310202966192,0.05118546425320508,70166980000,-1.30125759241688,,174.099
2005-08-01,1220.3299560546875,-0.011222104598600069,-0.04719039150221849,-0.1539981760225053,0.006531110623017457,0.13657483647899957,0.01285557604334645,-1.2406820279070558,0.018050969743950727,0.2850194148994931,0.01054454846846681,0.08150813411494687,0.010835415511521873,-0.1257722997993975,0.011281665211305096,2.539731752469477,0.0163060691403362,-0.9367205728934662,0.006418698524263867,1.161366667703616,0.0070688289097477095,-1.5057984154480932,0.02474964565417648,0.24198343419935583,0.011187208210800041,-0.006551030443053643,76268800000,-0.48886199913815154,,175.924
2005-09-01,1228.81005859375,0.00694902431673361,0.01817112891533368,-0.16189819669876468,0.006501594656442633,0.10971213166082369,0.012876125357525602,-1.1899323871628202,0.017827055397196142,0.11347611498812389,0.010174164153523619,-0.5736539138058173,0.010912856009420237,-0.021301516574428227,0.011908123582166119,3.258569987511045,0.0164648877623924,-0.7423175477513718,0.0066439294606658265,1.5604524152687524,0.007074088314684517,-1.5531036527091495,0.024600591303038263,-0.13217746216121054,0.011059632797912503,-0.19083741169074672,79567590000,-0.1467702567521332,,177.612
2005-10-01,1207.010009765625,-0.01774077993231349,-0.024689804249047098,-0.5553130162947344,0.006467003117014802,0.0784032697847571,0.01350833780347672,-0.10773215154844319,0.01759328055277267,-0.07019016710316757,0.010147509137751818,-0.5632623992431127,0.011057454641697781,0.16055824755958362,0.011027660270063409,1.1969661418573996,0.016523279485298387,-0.7172897083811003,0.006331113950124122,0.6692886841535821,0.007217569394172187,-1.2938625240697754,0.024277240012111862,-0.6877928768479222,0.011007174219843674,-0.29883689495472837,86294690000,0.7361466167651733,,178.754
2005-11-01,1249.47998046875,0.035186096519093324,0.05292687645140681,-0.11958361996344877,0.0066418454479109474,0.21560608664702663,0.013671190358488981,0.18037030072391888,0.017202201855947886,-0.4104839844171982,0.010193712942347109,-0.41095169758953937,0.010778421980237872,-0.18050097533376547,0.010812122828930786,0.46194623723943257,0.016890470913680886,-0.174570134107282,0.006106199713577133,-0.003717498649350036,0.007506036294151669,-0.7184680857303412,0.024562537735425088,-0.5584052019436225,0.010973216610376974,-0.38812664667632624,80957070000,-0.3384047438312585,,179.676
2005-12-01,1248.2900390625,-0.0009523493171964548,-0.03613844583628978,-0.24193191654234183,0.0064439790413487515,0.04991524861516763,0.01368701259007439,0.22336978585049128,0.01781437194552861,0.23440971719610956,0.010116100625005378,-0.4980157747355633,0.010801305389247323,-0.1547988169391559,0.011017177630541858,0.5536367781965262,0.016986530499926072,-0.0909628482514204,0.006164530678906262,0.01711013048878929,0.007728153048623547,-0.3036817639298183,0.024492790344936708,-0.8122900506696719,0.01071578877750931,-0.707780430334293,76099390000,-1.3252082633410187,,180.109
2006-01-01,1280.0799560546875,0.025466771341108085,0.02641912065830454,0.06322830613681207,0.006494413695004441,0.08641970823935917,0.01346510878598644,-0.13580813094369554,0.017596504620501857,0.05342926738152212,0.010040116486425532,-0.5803374816094734,0.010551153414918253,-0.4717905950445596,0.012313148130223724,2.6736215613796297,0.0166121298365552,-0.805705547756567,0.006156986056483555,-0.12500121110434148,0.00789960004205441,-0.010478836079541374,0.02562700467700353,0.2879041427832181,0.010856506072380314,-0.6122152265322149,90993430000,0.8371838559454262,73620.0,180.828
2006-02-01,1280.6600341796875,0.0004531577283561905,-0.025013613612751895,-0.029152960628004845,0.0065064980676124975,0.09085044057747757,0.013745459037111886,0.3852885615812196,0.017791073671785035,0.27983454053511986,0.010108050896530387,-0.38018829583414404,0.010636787356449478,-0.3764717711222351,0.011172012906190512,0.20627308250889734,0.017121030839562464,-0.01250513558684272,0.006234592246744333,-0.05656208057221701,0.007726858758896889,-0.5235931647952572,0.026069421662051513,0.6194280228662503,0.011386171487166299,-0.11086070349890528,79963830000,-1.1522588441959776,,181.499
2006-03-01,1294.8699951171875,0.011095810408889628,0.010642652680533438,0.05784208558500157,0.006580741681062825,0.1459792338576246,0.01363401419504458,0.23236260710493184,0.017371056179192698,-0.113610807099148,0.010055949845982706,-0.4162186950098802,0.010606806928067914,-0.43137435206016506,0.011518323138181913,0.5726957455103178,0.01768207801971704,0.8669069732419791,0.005880582022163407,-1.0590133427522712,0.007998473378693999,0.0013120628893460765,0.02722014397729924,1.7272142750419783,0.011752891654077393,0.2190087495586351,98472390000,1.5321858041170269,,182.749
2006-04-01,1310.6099853515625,0.01215565291784415,0.0010598425089545227,0.16892347372275782,0.006416548570872658,0.0022736668738162747,0.014053783689813,1.0158464238675287,0.016631142750949866,-0.8305528420071824,0.010062099864415993,-0.33659764979815865,0.010581548612319991,-0.48607974932678183,0.011953175928702018,1.1033669352838045,0.017847032585148425,1.0586541568066365,0.005902300750210706,-1.1180253584182769,0.008183336481467872,0.31787237516616446,0.0260150940942952,0.23798746520103908,0.011468162085292652,-0.14265832849573032,82535910000,-1.2177269423060295,,183.648
2006-05-01,1270.0899658203125,-0.030916916538203165,-0.043072569456047316,-0.4331188798540133,0.006190948013792392,-0.19356589196141022,0.013955531901969681,0.8993160935657439,0.01680177327247422,-0.6316273290187313,0.010209503981997539,0.02435724594862928,0.010942050431266932,-0.06073950342481969,0.011991296444583955,0.8790675284160562,0.018101731514409476,1.3951318354811044,0.006189781159532002,-0.5232398821372373,0.008104113699192192,0.004807914625642491,0.025957776803420263,0.05161600750706648,0.011491427042156542,-0.17332725931701976,100236610000,1.2955969605982742,,184.38
2006-06-01,1270.199951171875,8.659650459597046e-05,0.031003513042799136,-0.505229822096401,0.006160112400650888,-0.2266289753664326,0.013889787187095106,0.8529648215471939,0.016806185225224635,-0.6065928611940542,0.010190755262516532,0.05264800149835423,0.011142469259941735,0.15514202968755078,0.01229459527231714,1.1597032283524489,0.018076913129315156,1.2548195884573343,0.006331256478558697,-0.29606373871420083,0.008145236396155948,-0.025024149323966273,0.02714878283342678,1.2767001279197474,0.011930337018155246,0.24561705039372964,98291270000,0.7189483085560218,,184.547
2006-07-01,1276.6600341796875,0.0050858788034533475,0.004999282298857377,-0.49433800959593127,0.005969162470517715,-0.39570843115788334,0.014135724490431089,1.3569419375106921,0.017633505317114023,0.24896580702884893,0.00980212396156429,-0.6626194484906849,0.011260238063206423,0.25898860675425006,0.012641931080942696,1.5132511888136568,0.016964080735493072,-0.7246686291974114,0.006601593758518871,0.2536703862634967,0.007801066306850599,-0.9771349837032636,0.02799708217768322,2.069353315187015,0.01211986264580267,0.39572509818174895,82753550000,-1.9300874381113957,,184.607
2006-08-01,1303.8199462890625,0.02127419311502643,0.016188314311573082,-0.21110415631201362,0.006255134460667287,-0.16122602947160314,0.014004444080658799,1.2127527506194349,0.017758882028871555,0.38131099554119513,0.00978823236034665,-0.6195080651035847,0.01145198530567622,0.45063879082996294,0.01174963056693855,-0.4642457777493627,0.01679821358335862,-1.0760695244552756,0.0066417243272636475,0.22083912384807958,0.007868458570130793,-0.9415643334130528,0.02823054273177346,2.1688416817461844,0.012148325870318147,0.37258675173052885,88663200000,-1.2838752589957572,,184.404
2006-09-01,1335.8499755859375,0.024566297967782313,0.003292104852755884,0.1444998863846026,0.0063514132367773,-0.08976936297179583,0.01421885632949454,1.6707160361365545,0.0175990676769485,0.21549908205962914,0.010162159803872384,0.20823043745532704,0.01117176028208354,0.027588864877047613,0.011048307698201719,-2.029153306881015,0.017021417384527112,-0.765834799549305,0.006388189506293496,-0.5576769225656405,0.007678732155834771,-1.512285330957154,0.028209730343261706,2.022849806811159,0.012326673928655597,0.5164308889484887,86306390000,-1.8842515100388424,,184.197
2006-10-01,1377.93994140625,0.03150800358539563,0.006941705617613314,0.6357765359606147,0.006400903598874707,-0.05959298426521732,0.014107058049001052,1.575884628632535,0.017118037370203835,-0.28742307998516853,0.010488804637926154,0.9348025732843976,0.011022545018490294,-0.23288380912685624,0.011167711234253749,-2.0241262474337263,0.016966734290336606,-0.930442599684025,0.006521024737236186,-0.3516204857720716,0.007891211320716606,-1.1320987760631096,0.029120442406346373,2.775687197567558,0.01239050649561077,0.5369878106372313,99508200000,-0.18236780913367995,,184.053
2006-11-01,1400.6300048828125,0.016466656343095964,-0.015041347242299663,0.88505752405171,0.006476181427233368,-0.008321958564835457,0.0139764465928549,1.4681945320823817,0.01682049495592673,-0.6046414400076958,0.010449222265092237,0.9110064721496846,0.010751622330989271,-0.6577963952360012,0.011929143845791353,-0.8807641176307153,0.01710089207641546,-0.7733048390645688,0.006585670507551838,-0.3211923856979808,0.008101314276952832,-0.7687230432415951,0.02997388772281865,3.323524558579088,0.012113329912834809,0.18420789819641292,94287270000,-1.2450431405029132,,183.63
2006-12-01,1418.300048828125,0.012615782814670462,-0.0038508735284255025,1.0731690108856349,0.006361050505460415,-0.12336003489262748,0.014321757661820405,2.1494631987457735,0.016784574598789504,-0.6547222637635777,0.010542809024518549,1.1545071689676158,0.010884049995765453,-0.5632152358991567,0.011448626113010441,-1.9880119458813847,0.01697104101839498,-1.0661052210567847,0.0065591529213129785,-0.5255267407391543,0.008050917898486873,-1.0270616478998127,0.02908283621147745,2.3826658800660034,0.012503196352023124,0.5783227838431723,82652450000,-3.119418253085997,,183.228
2007-01-01,1438.239990234375,0.014059043023177953,0.0014432602085074908,1.2967592817550848,0.006399612632534101,-0.10560528208796953,0.014253896887913169,2.137954489487223,0.017055982274155407,-0.39122557141738185,0.010694773493383417,1.5046398713603073,0.010950937535382177,-0.5625829966144945,0.011185921339575364,-2.620645579805133,0.01708471504181526,-0.9420569779750032,0.006445311074368816,-0.9520533251836887,0.008260611024623703,-0.6706100037926517,0.031449527362018635,4.019648088556039,0.012787283117335489,0.8548025374619304,99374690000,-1.0035577204869728,74810.0,182.716
2007-02-01,1406.8199462890625,-0.021846175991944383,-0.035905219015122336,0.8840096461504285,0.006366087119291669,-0.15222447067206973,0.014128159288132266,2.0511018100245946,0.01703270040770802,-0.4433994090872083,0.010606680710309338,1.3681402479931652,0.011023283645933779,-0.5628066055957609,0.011201476128077951,-2.7269774124117476,0.017270803775362224,-0.6971926168371991,0.006938627966234866,0.18780278109556464,0.008671078074997209,0.16149548745996933,0.031001636033971994,3.3847974061751795,0.013009104643265676,1.0612587800861741,91545550000,-2.343493738774588,,182.468
2007-03-01,1420.8599853515625,0.009979982939206433,0.031826158931150816,1.0574301398125152,0.006365969096242725,-0.17062495693147334,0.013922408821630483,1.8616169829574363,0.016897316164483832,-0.6194725330557996,0.010452222557998778,1.104118486400872,0.01113988882645879,-0.5129691517061598,0.011788157282606874,-1.9303647510058892,0.01723898268080279,-0.826636231853957,0.007116890137061269,0.5083628769201642,0.008788117037746297,0.2871525097796896,0.029919551624464063,2.486343940004652,0.013162457521401997,1.1913240115902068,111186150000,0.09587091127509421,,182.19
2007-04-01,1482.3699951171875,0.043290690426759815,0.03331070748755338,1.8204901222225027,0.006389638527987022,-0.1691758912936015,0.013861567485275136,1.9154164017978572,0.01738020156749557,-0.14975061041031076,0.010255618068608297,0.759591823576832,0.01097814199072349,-0.8380114397419735,0.011878215434911054,-1.9748063678372165,0.017290578556973545,-0.8118801290827047,0.007156645849760058,0.4675916028998003,0.00854964842519604,-0.4456742951457105,0.028762174647910522,1.6486296491595855,0.012883866828755124,0.8489197525919857,96749470000,-2.155009625960319,,182.128
2007-05-01,1530.6199951171875,0.032549228707361655,-0.01074146171939816,2.3817575869054237,0.006499908379675343,-0.09189141320311658,0.01374743756180297,1.897394759382584,0.017121325736377986,-0.47403897720333094,0.010230827840201155,0.7600721892267444,0.010775645027821155,-1.218143542330684,0.012398731902132247,-1.3362502140573447,0.017614312716671774,-0.32946662734699617,0.006962663668462447,-0.18428366047550135,0.008768968761780896,-0.06906933999032241,0.0278978555151717,1.065152227228681,0.013596710887666712,1.602075717262032,109210510000,-0.7433879533785058,,181.882
2007-06-01,1503.3499755859375,-0.01781632254788501,-0.050365551255246666,2.0407216290086128,0.006609551494615338,-0.01631207733066724,0.013434646646490914,1.597320779789441,0.01684833068936294,-0.8176909316153049,0.010234434421076043,0.8142595245325308,0.010752504751554613,-1.362626811737368,0.012788198372157623,-0.9243069391824572,0.01793867539925279,0.15458699266903722,0.006752434220190049,-0.8752066336721842,0.008880542299615206,0.0453288123563546,0.025929791969318522,-0.29032109257703825,0.013530717591726095,1.4894217335627222,110663110000,-0.8361715762110169,,181.538
2007-07-01,1455.27001953125,-0.03198187836198829,-0.014165555814103281,1.4999655021789826,0.006814586695236166,0.14387279359548605,0.012620310266129333,0.5604455978029497,0.016576870850169758,-1.160422619615608,0.009946231162928849,0.27602096985799146,0.010791557365505152,-1.4299141492292686,0.013212613655313243,-0.45752853589651543,0.01870696823791359,1.399811471823475,0.006697066015077541,-1.1509893323047855,0.0089293095113631,0.0067839776025974755,0.02435763871996076,-1.338439532634156,0.013849215680197209,1.791567101649676,115444790000,-0.4801142852217726,,180.992
2007-08-01,1473.989990234375,0.012863572018857905,0.0448454503808462,1.7535864070171034,0.006857069714133238,0.15624394986070933,0.012781942980437312,1.0343135586923717,0.01674106144625648,-1.0453397437757537,0.0098809501762164,0.186698119142843,0.010905865230561248,-1.4063536964307006,0.013201732043740888,-0.7030142789311687,0.01847407413718312,0.9089617524142447,0.0067164108552300854,-1.2262783355942422,0.008755522083530781,-0.576985779973933,0.02531219704783284,-0.5692334752501077,0.013587354230990733,1.4769385260159658,143507790000,2.8959313559226314,,180.234
2007-09-01,1526.75,0.03579400817860079,0.022930436159742884,2.376378076976562,0.0068702479128715,0.1410180163189511,0.012641493224348084,1.0487680420917458,0.016666795259922016,-1.188970350025681,0.009455577000202125,-0.6428547723858132,0.01101272430594822,-1.4003662748613832,0.01368857046889072,-0.12370428262029382,0.01868068681950848,1.1804980569211199,0.006733061854648418,-1.3052317981873147,0.009133729486510742,0.2035003683292088,0.02544487652888719,-0.38965818040228034,0.013437491304963823,1.2974368884797365,93066950000,-3.7215386538928517,,179.121
2007-10-01,1549.3800048828125,0.014822338223554832,-0.020971669955045957,2.6228495387350708,0.007128854292421498,0.34831237601840137,0.012242707979368323,0.6770233170062073,0.016730008512493302,-1.1917739051161056,0.009271930444314411,-0.97869336410185,0.011018641903369708,-1.528531053971135,0.013831271433389788,-0.10952049450068356,0.018170351067372668,0.21873715981692873,0.0070764833922669895,-0.5378782748956102,0.009374359120619142,0.6441632936910356,0.025263403641404256,-0.43384310338219073,0.012650558890152713,0.45063296222576205,124774200000,-0.0837992231018421,,177.529
2007-11-01,1481.1400146484375,-0.04404341737941575,-0.05886575560297058,1.9080438563963187,0.006895374172363636,0.10432017185332536,0.011770222618801056,0.20025354689627295,0.017724355779400486,-0.22038703711593194,0.009169832729206967,-1.1503897249150814,0.01184276069087738,-0.621586774663239,0.013859210665447782,-0.2799044080568523,0.01846844889920047,0.6648239473056429,0.007451343358375024,0.31207375733715936,0.009312145990410515,0.3353203973288912,0.024016137574989705,-1.2403133355133478,0.011968981494950468,-0.2778711269482536,136461740000,1.073413481971847,,175.161
2007-12-01,1468.3599853515625,-0.008628508561297932,0.03541490881811782,1.827011789652813,0.0070938942241145315,0.25651848578033737,0.011180821525912175,-0.4519396884866498,0.017373081220453737,-0.6878697136200904,0.00879149635499952,-1.8703462720162995,0.011846697105406563,-0.782548401592903,0.015137543795913226,1.629078652130898,0.018604334034012522,0.8284319951682553,0.007502574679072443,0.31177614093189066,0.00949391052872667,0.6386491456179831,0.022992397208201478,-1.8502621707433928,0.012254134450595882,0.04547224375939667,102575060000,-3.1813538791300875,,173.336
2008-01-01,1378.550048828125,-0.06116343227776988,-0.05253492371647195,0.9462174878885521,0.0065895783310083115,-0.2413591188685695,0.011995680463933584,1.0806364894996332,0.017661153914848047,-0.47730654216774604,0.009329880839880556,-0.761771896103738,0.011917460563467085,-0.8607645751314097,0.01414255205089275,-0.2308777588003369,0.018723330741333498,0.9633036803326321,0.007404221839086973,-0.08098721763339277,0.009688045355997592,0.9737793902881455,0.02451639751663895,-0.6594543992934306,0.01161102849293045,-0.641018471105439,153687300000,2.4904807108627876,72260.0,171.076
2008-02-01,1330.6300048828125,-0.03476119273728817,0.02640223954048171,0.5379811304513341,0.00650389497437783,-0.3517269867158807,0.011016020902808224,-0.17755462334448363,0.017808533819163322,-0.42278068477063496,0.00929206015703286,-0.8322438248829042,0.012314867220566796,-0.5212521489583221,0.016009693481623493,2.606636124291383,0.01900441845853056,1.3757752982310179,0.007355980823072586,-0.3368022663581105,0.010268077868709211,2.230594073046816,0.024333446997625158,-0.6960999929064173,0.010815266450337558,-1.475684766983004,124303700000,-1.092501554983172,,169.189
2008-03-01,1322.699951171875,-0.005959623397817415,0.028801569339470756,0.5717760357649765,0.006618526677398617,-0.2766582858011852,0.010756239722495141,-0.30881382923945916,0.017101210316072323,-1.2834601694853476,0.009180775750081353,-1.0583996559580686,0.012790077354576478,-0.0849301672357362,0.015729401637645243,1.9302920785746218,0.01981247470134902,2.6299008836848063,0.007518873999151682,-0.02509076481664288,0.010184419407611495,1.8543665362657065,0.02557348684765473,0.28873520317247997,0.010845645881827222,-1.4035879728945004,138155610000,0.25898534963686254,,167.9
2008-04-01,1385.5899658203125,0.047546697641229096,0.05350632103904651,1.3588007165919842,0.006713005213178368,-0.22159406170505888,0.010986420763230422,0.3291181841348604,0.01648737120127625,-2.0130511095837176,0.008972334258352728,-1.4810647895723623,0.012117519317881378,-1.1464788958128327,0.016574595590706627,2.9847611914376873,0.01946948750889038,1.9484253362911,0.007544617166587979,-0.07627278040945173,0.010240098443248654,1.8293461719613004,0.02583025769303587,0.5598040562396269,0.011199547455133593,-0.9916874520699115,128704880000,-1.0198733962588125,,167.316
2008-05-01,1400.3800048828125,0.01067418170406853,-0.036872515937160566,1.6132377613533289,0.007074680324676451,0.08336806440325933,0.010114652548576684,-0.7676322769245605,0.016624169940096304,-1.9414345032169067,0.009120331407455757,-1.1978524982401033,0.012353783649684234,-1.0180523548292777,0.01725212345796207,3.635407869944269,0.019433987655328278,1.8016676680019201,0.007732612631825224,0.3146718214654435,0.010658775644044721,2.626272172916509,0.025765232006205067,0.5944655688261936,0.011786991737995224,-0.3342903472890337,123773590000,-1.7533510206840854,,167.013
2008-06-01,1280.0,-0.08596238482631446,-0.096636566530383,0.46066257829771157,0.007014994323253631,-0.010256231750564435,0.009134966880083084,-1.9995354870467557,0.01741810292005539,-1.2114966711143018,0.008827168494462967,-1.7966526708068817,0.012745293974876403,-0.6914660047230948,0.019470195472240447,5.681186892932437,0.018704864382743835,0.5373246685486018,0.008396706730127334,1.964461594545781,0.010982948541641235,3.1212168967533884,0.024931596219539644,0.06721098927478099,0.01162749007344246,-0.48942588882069643,142582140000,0.1563151185580412,,166.531
2008-07-01,1267.3800048828125,-0.009859371185302779,0.07610301364101169,0.4502446919164411,0.006911666880330005,-0.14621665204372675,0.00984979764267855,-0.6089172668840578,0.01837966181780916,-0.32050284194353107,0.008930719212950945,-1.61392291169062,0.013184984938901757,-0.3035645568246135,0.016534889180483427,1.8993985606764408,0.019041098139183348,1.0390290538130629,0.007934404285502251,0.6188671488762786,0.010733470524139125,2.3867016392283342,0.025801070169191507,0.7808071860002256,0.011338670476182863,-0.784401095732555,175653030000,3.4572825831053615,,165.71
2008-08-01,1282.8299560546875,0.012190464669121548,0.022049835854424327,0.7311229691849733,0.006950637334554008,-0.1476671010002646,0.00963669035863074,-0.6731457672190347,0.018533399362809372,-0.2760942540153218,0.009432397096216051,-0.6732088686225975,0.013377991190455596,-0.23886637783099007,0.016390642534173036,1.6080520509172815,0.019327609827172913,1.448155273824273,0.007752391968678486,0.03348798170790333,0.010438754996577676,1.6177657908664362,0.025952678471088862,0.9585519621257934,0.011519965066895881,-0.5667507243257035,125748900000,-1.9538127399655119,,164.275
2008-09-01,1166.3599853515625,-0.09079143354379215,-0.1029818982129137,-0.4136923508067388,0.006693099450790339,-0.43314208464965015,0.009936267546247072,0.05860628766589321,0.018869335699747802,-0.03949570156603185,0.009523373069992624,-0.5600448474518547,0.014529785539676777,1.0885834000620869,0.01533573339573813,0.2418977302622276,0.01869145429307362,0.34375290698595135,0.007590100817953575,-0.49114549629071574,0.009704149775542629,-0.08020050942052781,0.02823535365026723,2.603925464646793,0.010898319517184047,-1.2236018569538452,191730260000,4.3537710261440346,,161.91
2008-10-01,968.75,-0.16942452401777075,-0.0786330904739786,-2.3866628594951047,0.006759304415795111,-0.40873951257897995,0.009340729744203628,-0.6218492064651484,0.020110131048387096,1.1479058660909944,0.009444037652784778,-0.7949000631141159,0.015287915629725302,1.8707195896622153,0.014992872668850807,-0.24867142877344398,0.01839792952998992,-0.1931379211789305,0.007950344947076613,0.4008344265625694,0.009067066807900705,-1.5448165162234317,0.023349223475302418,-0.8243717690575207,0.010428844821068548,-1.694728335685596,222360150000,5.949378174371425,,159.161
2008-11-01,896.239990234375,-0.0748490423387097,0.09457548167906105,-2.9162204615770966,0.006691828917857238,-0.5135398871706692,0.008230580592639768,-2.0814002666246814,0.020364264689938624,1.2885751107378738,0.009101998061358774,-1.5491017569856482,0.016490522445320743,3.1173392538042357,0.015852745822731086,0.7373660072074832,0.01825157981519472,-0.48637143016709566,0.008953244488080764,2.927705909894399,0.008753266992172975,-2.2527196679775954,0.019799146890941675,-3.133165918801773,0.01150931705681478,-0.5034323772950338,157593420000,0.6640640619761506,,156.071
2008-12-01,903.25,0.007821576633499472,0.08267061897220918,-2.6333441723669893,0.006745459067996374,-0.5306112421470536,0.008196977245289633,-1.8547984900745647,0.021659054981847236,2.472260577445347,0.009579635016185044,-0.6882385871150534,0.016365156852073893,2.77083567226341,0.01502200437324581,-0.34023812983003726,0.018531184826008077,-0.0707667435383766,0.008670457934462196,2.099611177659905,0.008635325871311064,-2.491912125325566,0.022472095463106318,-1.2471056509433094,0.011549303744791486,-0.4476747226043085,152504360000,0.177369553613839,,152.543
2009-01-01,825.8800048828125,-0.08565734305805428,-0.09347891969155375,-3.1440572163812317,0.007027905765763289,-0.3044371871840449,0.00661625814098923,-3.79051419014112,0.02340261885515406,3.8783946555192834,0.00936477099197574,-1.2075311070430474,0.016608583157480723,2.839806452150681,0.01613695617608112,0.9632376422527608,0.017835505227615133,-1.2899695316020743,0.00946639132467602,3.837452357096808,0.008746569760940959,-2.263946867736413,0.020689055855873432,-2.352491543342858,0.011788156053283599,-0.17629945196773378,152086240000,0.07821111484471836,71790.0,149.36
2009-02-01,735.0900268554688,-0.10993119762019943,-0.024273854562145147,-3.6708186874283695,0.0075947074625645,0.20072607558162764,0.006114067456553065,-4.0015424014786,0.023035225219128815,3.27437408495808,0.009566395211112185,-0.9123881679804093,0.01715192581773979,3.2427910063566836,0.015892742085809902,0.6071738023212541,0.0166257021815943,-3.2031166073096893,0.009303375505398458,3.227531820143144,0.00903827224407087,-1.6982532798941619,0.018645896168665566,-3.45545586917379,0.013002978887743525,1.1580614248778225,166872830000,1.1884927881143652,,147.616
2009-03-01,797.8699951171875,0.08540446199532292,0.19533565961552235,-2.898976818979771,0.007779464980613208,0.32940203166055904,0.006595315877609009,-3.021811729828181,0.022497295235376295,2.6097888834867993,0.009932795310267464,-0.2950406012012691,0.016473687314215966,2.259333852994677,0.01519339683821564,-0.29096612908489516,0.016668102431385078,-3.057825131816276,0.008734398525408913,1.819524980054239,0.009606103256526662,-0.6085915112409885,0.017789478662595157,-3.695973823307943,0.012742906719872292,0.870514253795963,211324570000,4.273170376555228,,146.512
2009-04-01,872.8099975585938,0.09392507914826331,0.00852061715294039,-2.126846493191138,0.007853626733805501,0.34557869790793405,0.007342966647690134,-1.8328953543915782,0.02054019838925816,0.7696852348860337,0.010761944970527867,1.2546377563552686,0.015701585901138307,1.2137801080443729,0.014974868828014649,-0.5871155641844944,0.017990051341530793,-1.0713098781399666,0.008078208016136089,0.2769171523984622,0.010149318949723426,0.44433185820531784,0.02107807415798428,-1.7234077206516187,0.012584205811504086,0.695879417870975,187538960000,2.424390254883322,,146.939
2009-05-01,919.1400146484375,0.05308144638516654,-0.04084363276309677,-1.6475423852118745,0.007630688781235909,0.05480241260662663,0.007947610603558359,-0.8687205447615634,0.02083582350710762,0.9630839674657684,0.010144888063368614,-0.14143765860216628,0.01566919332148675,1.0467379118605256,0.01605269357116817,0.6972008240299677,0.017656348880650288,-1.623663407333886,0.00794403253511643,-0.04915553803990966,0.010200905559993598,0.4949778559626676,0.02047051916470939,-2.0371762717972492,0.012380137560519523,0.4718774608306394,178966970000,1.7585836937719677,,148.166
2009-06-01,919.3200073242188,0.00019582726560996022,-0.05288561911955658,-1.5749246854482677,0.007906874668498279,0.287767945053223,0.007804169406151411,-0.8928097695110844,0.021325490356980507,1.3248803192853655,0.010168601592708711,-0.2388797920286206,0.01569727766587468,0.9537633620179196,0.014998480834959763,-0.6161991376027487,0.017352043466402747,-2.1100292065996786,0.008369117074772713,0.9086162316192645,0.009736164880034636,-0.5143069695852026,0.019957646370810947,-2.2827709590687815,0.012475866434043664,0.5777143371384053,164534400000,0.7268355549275183,,149.793
2009-07-01,987.47998046875,0.07414172714778422,0.07394589988217426,-0.9591325967617712,0.007963420209394079,0.2928067114972393,0.007909965076675308,-0.6048316452989558,0.021030684339427373,0.9953725883557715,0.01036499562515854,0.006243833726950018,0.015586349090035449,0.710243922712474,0.014710067356673568,-0.9814918311948161,0.01756671834105616,-1.823265425237392,0.00808477784715152,0.2477807360029596,0.010230529166372043,0.46442005475527665,0.02054585256314532,-1.9355794740987933,0.011758364744155217,-0.21756142711626228,153720150000,-0.032530241312046564,,150.746
2009-08-01,1020.6199951171875,0.03356018886854417,-0.04058153827924005,-0.6526840028455673,0.007829999571518394,0.10338037808250872,0.008647268245871058,0.48648975790316284,0.020895385423540164,0.8121711363247017,0.010381637622610625,-0.13000420221054515,0.01526475158562115,0.23792683274620086,0.014387052951356184,-1.3754459962152463,0.017807712734688615,-1.518224063357414,0.007900644467133337,-0.179054000069268,0.010132878896147661,0.2101366554985478,0.022501483165307545,-0.8765880794156327,0.011218643772891473,-0.8138592558363031,160070940000,0.42295877147765315,,150.667
2009-09-01,1057.0799560546875,0.03572334572311964,0.0021631568545754654,-0.3340449452881729,0.007910140022072616,0.14326819604127003,0.008511619410725601,0.4268421890024387,0.020298789239547928,0.23204004735915942,0.010559702483048003,0.06187741332335134,0.015226228287245172,0.0923610714382199,0.014702382220585503,-1.0042455727680766,0.018196544811139637,-1.0114466250074627,0.007733252681504074,-0.5560455194629236,0.010196409823653498,0.29558402202430756,0.023048739756887125,-0.6124139089409812,0.01162807614561598,-0.35453768686399245,161948400000,0.570696152018537,,149.627
2009-10-01,1036.18994140625,-0.019762000526814205,-0.05548534624993384,-0.49595006604352004,0.007969076398709403,0.15901447043461936,0.008165949195720595,0.09534162515264977,0.02027464643796737,0.16435381302950947,0.010517689447907444,-0.20228078016464499,0.015758937228131153,0.6077328911872528,0.015368751611009195,-0.2261685408965032,0.017823398020702912,-1.6345467228359767,0.007636321179363579,-0.7691306174811052,0.009864053575391931,-0.45133724912942824,0.022345196374068912,-1.0477222036259382,0.010906457700906688,-1.1554757028908635,163900630000,0.7309200630365512,,148.584
2009-11-01,1095.6300048828125,0.05736406145372763,0.07712606198054184,0.002079629502170776,0.007953616605820732,0.10649607421006098,0.008058228052986156,0.06180433500180788,0.020957597744100793,0.722128936943727,0.010614673720427644,-0.18600395797862962,0.015452136901738429,0.16328230897586807,0.01494800204469973,-0.7528191303873508,0.018336127126799127,-0.9684674702525511,0.007570545281208049,-0.9112709027035097,0.01033365824685716,0.4895832109745836,0.022628644252217812,-0.9409539677415713,0.011052375264347521,-0.9869170977028183,123858830000,-2.0021451048268415,,147.94
2009-12-01,1115.0999755859375,0.017770570919338313,-0.03959349053438932,0.1644584591350493,0.008268296637707763,0.42036922363630513,0.007805982241839784,-0.17498786127540802,0.02096861922063944,0.6889242472361516,0.010907699622623085,0.23417907962556872,0.015148713603730046,-0.28484537775907415,0.014816312213742047,-0.9327659676719295,0.0183175858731443,-1.088980452361574,0.0078453402303627,-0.286360431313409,0.010363294486069305,0.5083000147444584,0.023768940959281542,-0.3680972146772969,0.011810355675525257,-0.14112862329376957,128784400000,-1.5827697767223632,,146.666
2010-01-01,1073.8699951171875,-0.03697424569226215,-0.054744816611600466,-0.19472704913440042,0.007848119696360512,-0.05687693863690319,0.007981842975895697,0.14702640577112924,0.021920856151821107,1.4761842718200768,0.01099928479621168,0.22171545276488047,0.015569882673840813,0.1177856575303846,0.01470780147742284,-1.0785788451533946,0.018740244346943092,-0.575753768348452,0.007755245083545874,-0.4941617692131267,0.009831523747255216,-0.6563612795527625,0.02334319647867495,-0.6743416948137875,0.01116116174734229,-0.8726248030974662,136573410000,-0.981707635901339,70110.0,145.003
2010-02-01,1104.489990234375,0.028513689046546054,0.0654879347388082,0.041159048322413475,0.007896304080567358,-0.010224987757542573,0.008034206032074335,0.2978442997513637,0.021394901923987027,0.9704247663038305,0.01128991732631652,0.6139848553062781,0.015617802262427136,0.0802964908791326,0.01473036680996934,-1.0707013043628966,0.019192297520043696,-0.02551548408261192,0.007440657762139668,-1.2396095511404503,0.00999028706069486,-0.36670663466925374,0.02393458079934288,-0.4168628490587003,0.011143578583323883,-0.8935433817738806,127396700000,-1.521003451479867,,143.055
2010-03-01,1169.4300537109375,0.058796425545497355,0.0302827364989513,0.570505289285727,0.007967909688870666,0.07550756231828525,0.008263311972708477,0.6924337753797031,0.02074581077802845,0.3680367087909672,0.011495416615822741,0.8266723152812502,0.015306235987040045,-0.4069104755024726,0.014304262703404843,-1.5821589767818436,0.019702251708277614,0.6275578451882763,0.007216552051671137,-1.772351418458601,0.010182447805687512,-0.004985763716782382,0.02480914021034093,-0.004990225644080246,0.011344497904795327,-0.6717206892091668,158639100000,0.663444046367202,,143.595
2010-04-01,1186.68994140625,0.014759230482012997,-0.04403719506348436,0.6851308656969549,0.00795059227928303,0.04239624191111084,0.008250337221196532,0.7512433197590309,0.019648697510452236,-0.6156876710091609,0.012011221978469277,1.6606588414714765,0.014921599157793083,-0.9960692449520777,0.01468192407207466,-1.1537321788880033,0.02024228544471743,1.321043299736254,0.0072986108868055965,-1.5639871550150959,0.010055056799385355,-0.316486680161659,0.02601009102220635,0.5868793274815274,0.011380519428652194,-0.6372166917114059,171270450000,1.5612651209772415,,145.398
2010-05-01,1089.4100341796875,-0.08197584207319053,-0.09673507255520353,-0.1850766552909265,0.008012583300679582,0.10611589221451731,0.008163983612934224,0.7035373449745126,0.020010100135616247,-0.3260715757896552,0.012163178359958886,1.732413285645401,0.015501044490487758,-0.33866230993109425,0.014161688043528076,-1.7549468992222363,0.020039156557823696,0.8857530390363254,0.007511565737630578,-1.0558556007349644,0.009908875516320506,-0.6640739940730331,0.026722387532807354,0.896961208834404,0.011922297713516591,-0.01860187575508966,184865900000,2.4589757998277864,,147.031
2010-06-01,1030.7099609375,-0.05388244223983851,0.028093399833352017,-0.7286389494181754,0.00801187216914966,0.10210359552635792,0.008134608784240232,0.7338817868638678,0.020763866074042563,0.30069992731751094,0.011606394797950536,0.3771038376157255,0.01596910775718724,0.1866570352634774,0.014081264450334786,-1.839284356801563,0.0197242073441395,0.2810162763192109,0.007883618230889377,-0.18305552686982776,0.009705286043792345,-1.1468705775255952,0.02692521620874852,0.9121667801467414,0.01212072164388643,0.22603375356403035,158740480000,0.8106990908752804,,147.698
2010-07-01,1101.5999755859375,0.06877784957463517,0.12266029181447369,-0.16513070223404008,0.008054838552976977,0.16503112738318293,0.008107148663880783,0.7604856277778537,0.01968257784226534,-0.677191373314055,0.011720658474107762,0.3946911150583677,0.015808658493111992,-0.10495306228083298,0.014278341019703784,-1.6184458323967785,0.02037912717286768,1.1692807733512431,0.007927034417989105,-0.08493002715043411,0.010245833488931615,-0.02221583279316872,0.02756183764304561,1.1686602809370399,0.012361761199502632,0.514028673194849,138688480000,-0.4233841468806365,,147.559
2010-08-01,1049.3299560546875,-0.04744918363260475,-0.11622703320723993,-0.671272627949688,0.007981578093861283,0.04546089605691248,0.007845618174020786,0.4496232732329225,0.020323100178673822,-0.15011305357532329,0.011815289386386471,0.37182198283039536,0.016288566786189708,0.44951341005258616,0.014254590135294903,-1.6464713727276443,0.019911011575467093,0.3204792520005199,0.008442466017481626,1.1650351843209696,0.01043026081067357,0.3452430978685521,0.028559424648541647,1.6077778506100386,0.012779746234954387,0.9909821332283567,127532490000,-1.061582615602273,,146.426
2010-09-01,1141.199951171875,0.08755110305113556,0.1350002866837403,0.0783296565663903,0.008195034395119755,0.4421998403484528,0.007651459232075869,0.23882969376107718,0.020380691226383106,-0.1363465363669085,0.012061517879204724,0.6967331918621831,0.01588159623092384,-0.18508266947331492,0.014417172930810775,-1.4694788920950437,0.020418453789346338,0.991294244538502,0.007987546710990072,0.04857714675390447,0.010334338574519908,0.092401825612946,0.027476075241931776,0.9050536010616046,0.012862109618599786,1.0687402475803243,121176320000,-1.3730952618814494,,144.607
2010-10-01,1183.260009765625,0.03685599403554063,-0.05069510901559493,0.3862668213965872,0.008360380353226662,0.7482051384752548,0.007487474100576627,0.06753862209828457,0.02009462355103017,-0.42897820423799526,0.012276908912847332,0.9789099464211926,0.015806037407825185,-0.36012091808983593,0.014693443172301266,-1.1782523607241093,0.020259265878497506,0.6308545334135862,0.007787089317986322,-0.43261498618671096,0.01058119320283793,0.6386321681810568,0.02754174908642763,0.8423219278557388,0.012558621882449114,0.7053042244781662,131076030000,-0.6416359310540172,,143.125
2010-11-01,1180.550048828125,-0.002290249746576656,-0.039146243782117285,0.2816441148995571,0.00824192121762999,0.4439077618030081,0.007453119374327504,0.08180815593372048,0.019559203065101612,-0.9496349320329597,0.012615686090085622,1.572326746773409,0.01559452087546502,-0.705105594503899,0.015589816120063703,-0.2182155117830036,0.020577104038996322,1.0212701262497303,0.007568746978099415,-0.9497188228854745,0.010724338874587352,0.9552520989369965,0.02716797520045877,0.5443889740185573,0.012456216370046487,0.563751782871032,128044630000,-0.747240460229343,,141.813
2010-12-01,1257.6400146484375,0.06530004034715509,0.06759029009373174,0.8808121811774536,0.00816653577518928,0.22204543903381224,0.007745158752359965,0.5696681035039323,0.019205450837250875,-1.3056593066294633,0.012327431692641859,0.5855563488581699,0.015282658799678177,-1.1799791445715588,0.015997888746292557,0.2061851943020706,0.020759976960155736,1.213598210948274,0.0073254318005273825,-1.51766859077861,0.011077467272297725,1.7543721555676668,0.026669169355230875,0.18490650090001853,0.012636142838444364,0.7604376154949088,117291420000,-1.3334336007265357,,140.622
2011-01-01,1286.1199951171875,0.022645574359139164,-0.04265446598801592,1.0453316073768255,0.008239309522351922,0.3298697328039974,0.007787324902155916,0.6837669525066983,0.018887469040361544,-1.6162410633096413,0.011980333066151476,-0.5602261859038429,0.014724993403502978,-1.9716024912963732,0.016766766432752035,1.0163829074182757,0.02109783684727306,1.6228738838961037,0.007250072252997965,-1.667905858693859,0.01084062284813013,1.1823137726970994,0.027010650257998963,0.2894006999726028,0.012160693425902593,0.18366291486701608,132386700000,-0.27466481825941635,69070.0,139.03
2011-02-01,1327.219970703125,0.03195656372809341,0.009310989368954248,1.2985704313608781,0.00815926519229188,0.09505659603579883,0.007753235407841336,0.6865507570918976,0.018874547474262333,-1.6388850041474552,0.012305652548988806,0.019788043249143687,0.014684032506158148,-2.0356009963989954,0.01744473439897371,1.7110325237226394,0.02087888175821281,1.1982657943873025,0.007111937882119304,-1.955851255076966,0.010783667433166314,1.0423451952042295,0.027357380180759203,0.40122076150213687,0.01193782233591898,-0.08662178051275606,98449000000,-2.3046305932915905,,137.725
2011-03-01,1325.8299560546875,-0.0010473129391664893,-0.0330038766672599,1.1699799567032503,0.008041145768068516,-0.23975982869747875,0.007569240859135349,0.4763128051912209,0.01923605102208329,-1.3455659662112023,0.012246929989037121,-0.37628833018574903,0.014882563552605933,-1.7904833981686454,0.01779175548436227,2.0291488871057024,0.021366947781271663,1.8308846301697665,0.007135860414674291,-1.867046139866782,0.010984331989958015,1.5018138024678707,0.02708660434266972,0.17889366546258847,0.01230416785706624,0.3588734727114684,134557630000,0.0521672745179288,,137.779
2011-04-01,1363.6099853515625,0.028495380666536008,0.029542693605702497,1.3840678280873624,0.008022366260087892,-0.3407597357435904,0.007355038313200443,0.2124708618296157,0.01990628793128591,-0.8015530564506306,0.012365008934539692,-0.3237373316162167,0.015244043610365087,-1.3556860423964616,0.01745716727243332,1.6356597344021044,0.021342997979176402,1.6964497384354449,0.007218991751451767,-1.6388929437270232,0.010906836476035998,1.321675877442938,0.027564284171984674,0.36868638830190165,0.012324881612089778,0.3827308556665491,115389410000,-1.0605530575426978,,139.153
2011-05-01,1345.199951171875,-0.01350095289522324,-0.04199633356175925,1.1105474068875054,0.00804700236926398,-0.3490726595767163,0.007209903577199312,0.05000185906713646,0.02067688924278472,-0.17926976735329278,0.012500241892423854,-0.22490658830699303,0.015839965231466264,-0.6317682626404304,0.01695507796229686,1.0824564734964264,0.02103690627291881,1.172122644171905,0.007474473770263155,-1.012609302187904,0.010753124234905324,0.9828946988206646,0.028224660245784936,0.6594597188845223,0.013058661754240836,1.261039874714263,123776090000,-0.44931081519649696,,140.688
2011-06-01,1320.6400146484375,-0.018257461652479323,-0.004756508757256084,0.7859123900870846,0.007993107704283414,-0.5187041911767566,0.00714236586722247,-0.002613503342230268,0.020824676915387946,-0.10844483572965646,0.012704992026293773,0.05360456820348517,0.015704588881105028,-0.8678082980994674,0.016938433899486658,1.0448000177649601,0.021311202169894433,1.5019385623973054,0.0076025210855147525,-0.6939311608873269,0.01090907391407993,1.35271005675014,0.027856610989526173,0.3920520850229311,0.012964322055189157,1.1394170884749255,128693440000,-0.06312114913088399,,141.941
2011-07-01,1292.280029296875,-0.02147442530666621,-0.0032169636541868885,0.43034011506077996,0.008203482993159688,-0.08917140221470936,0.007037578014318049,-0.11397380299774894,0.020437130621314716,-0.5106519122780883,0.012802986636197264,0.06645218061253597,0.015843677660438083,-0.7407962859169122,0.017562871362370325,1.671257836560142,0.0202817272002326,-0.11690243273072523,0.007697426342232145,-0.45602409836178254,0.010763370975882357,1.042874203002376,0.028529311024622445,0.6979718058253257,0.012466664940388375,0.5568820804052499,118385150000,-0.6309008045160157,,142.34
2011-08-01,1218.8900146484375,-0.05679110795232889,-0.03531668264566268,-0.31807951415758906,0.008235759135544024,-0.07373714965602128,0.0067454283597427256,-0.5005357431067845,0.02121042884997086,0.09605769792965294,0.012861787988699615,-0.02664240467288491,0.016830326208517512,0.4896926039633168,0.016718114227562197,0.7791862420246004,0.020089219768121593,-0.46222746112361557,0.008338036047441265,1.1047041267438558,0.010609844739892162,0.7323837544893502,0.028640370792738453,0.7034249694835751,0.012630606333336906,0.7660989924766685,165397040000,2.315732538033937,,141.783
2011-09-01,1131.4200439453125,-0.07176198808089651,-0.01497088012856762,-1.1892093785454008,0.00860011701614258,0.7597065197554637,0.006439144387260289,-0.9050063870285212,0.021824676827971623,0.5489964732822367,0.012900720037820196,-0.18110996341456084,0.017533936582931196,1.3696991404529997,0.015412843675410065,-0.5773488634197358,0.019627407646985902,-1.2177647439117856,0.009002060776646467,2.706774831515007,0.009546474077834682,-1.608538734184665,0.027562926419899977,0.06743150978824561,0.012499296346813373,0.6597714170606885,145783290000,1.1664471055203587,,140.162
2011-10-01,1253.300048828125,0.10772303843744147,0.17948502651833798,-0.2528445730877966,0.008556607913736334,0.6017081620551842,0.006644782800709533,-0.5782103145565772,0.02083860556758651,-0.41579565233017296,0.013035945921675141,-0.07973836939438826,0.01656527885755516,0.04491571443493382,0.016577397437760506,0.6462644970987016,0.02026552745174507,-0.30669920579011634,0.008423951083389808,1.3099637207109858,0.010112185119626565,-0.28651899121630003,0.028164411333399694,0.3513102486279945,0.011709897333786953,-0.3213417053151759,140851500000,0.9324489904598399,,138.398
2011-11-01,1246.9599609375,-0.005058715107011391,-0.11278175354445286,-0.42469304363253085,0.008471161363779645,0.345306707070232,0.006337218649242258,-0.9971971288421814,0.02114426561678911,-0.23841948146155406,0.0130082095532925,-0.39193433650140913,0.017110803461856845,0.7194316815225655,0.016938939254706957,1.019831104549876,0.02065502798505271,0.22628640723116283,0.00855424305973238,1.602651841973656,0.010184249461532227,-0.06964326899929221,0.027269084157407822,-0.18134251596719003,0.011719369487570162,-0.29440082673335893,122672260000,-0.10319896282324145,,136.652
2011-12-01,1257.5999755859375,0.008532763666636134,0.013591478773647525,-0.4506227393346988,0.008380264585660291,0.07885415278357061,0.006417645119143287,-0.8602901630698322,0.02158700096745772,0.059123203772772914,0.013066785279810962,-0.47063174172678734,0.01743603787528541,1.0890025762868067,0.01645260671712874,0.52235616034218,0.02053234301574053,-0.011284735201807942,0.008764434728587196,2.0664507697734127,0.009867919198595181,-0.7224931066057445,0.02814894468776217,0.2648460613825123,0.011698884438840065,-0.30004488580822364,107919920000,-0.9237451295545401,,135.154
2012-01-01,1312.4100341796875,0.043583062704985354,0.03505029903834922,-0.0999661610791593,0.008528819910507258,0.4267352656018353,0.006651055787585142,-0.5134322421718877,0.02134736111934012,-0.26446857625076003,0.013259123893164923,-0.19310284953691695,0.016471306092130756,-0.24450683208465732,0.016121267275760996,0.1927266852335609,0.021114764900179633,0.8101410872365093,0.008094961000163423,0.4920146842179248,0.010494535182750156,0.7333482029204785,0.028753865941145706,0.5619350832929869,0.011338422227695481,-0.7414863957755953,114893460000,-0.428383201826533,69070.0,134.156
2012-02-01,1365.6800537109375,0.04058946376811723,-0.002993598936868125,0.23013852837848825,0.008778331936033758,1.0265509878804802,0.006709843095078672,-0.424513340424548,0.02073242268417204,-0.9211700864246277,0.013318584202796458,-0.2605051899090178,0.016421852373210425,-0.35192892927901104,0.016410719841904255,0.51234839907617,0.02085696709255589,0.363296287017964,0.00782631685261723,-0.12492035566882641,0.010028217999024102,-0.24552577938243084,0.027440638007924987,-0.1849080803598838,0.011419415702188065,-0.6291852684028337,116114170000,-0.2898825515848828,,133.987
2012-03-01,1408.469970703125,0.03133231453144192,-0.00925714923667531,0.46756229245206626,0.00889586936044366,1.2890573163141692,0.006986648507833034,-0.026579700108480393,0.021002575708174577,-0.7757629969940506,0.013523591901707946,0.059880250382579985,0.016416701301660418,-0.40018943265476403,0.015305912796864257,-0.6015094534227284,0.020421308806687636,-0.35222200004119236,0.007691674979281839,-0.4192885773895991,0.009760580947256355,-0.7745968736278825,0.02780242871366435,-0.00450017271141669,0.01109531537279777,-1.0318250574822432,120585970000,0.0411847400028068,,135.855
2012-04-01,1397.9100341796875,-0.007497452372495994,-0.03882976690393791,0.23552892128082653,0.00886202950567336,1.17605019521737,0.0068745759901233695,-0.18719672638522494,0.02110497699725953,-0.7816606614725062,0.013782886116524921,0.5411326997318412,0.016589247251429243,-0.20618540586198142,0.015311923638009763,-0.5563664913208448,0.020350125896386025,-0.5116408168697256,0.007886903663864487,0.06636732640747309,0.009754513945073033,-0.7165511105369305,0.028736359314647224,0.49565574287414144,0.011033092832937423,-1.1268974441458588,108555700000,-0.6212736866235592,,138.46
2012-05-01,1310.3299560546875,-0.06265072571454366,-0.05515327334204767,-0.6600693900226116,0.00885513266773012,1.1411379909887478,0.006659120494795012,-0.4981562359704692,0.02169924176160678,-0.34961105321308045,0.013894918733288847,0.6254395724332491,0.017490930351922073,0.9703731258485706,0.014590365262115386,-1.2505503159701796,0.020337634417041645,-0.5792842233820543,0.008461238443853832,1.4343187552378809,0.009597691945192494,-0.9904402410572944,0.029366686578059725,0.8298208041671403,0.01139447284633457,-0.6657099851415322,127036420000,0.550426657627864,,141.035
2012-06-01,1362.1600341796875,0.03955498222833631,0.10220570794287998,-0.3575317642695801,0.008796206603254916,0.985467597953543,0.0067259823007640145,-0.4042193292947367,0.022065873482085687,-0.1306732760235269,0.013625095664279765,-0.35441458602999726,0.01743775408723955,0.850253738841498,0.014710291538572869,-1.0727276104934704,0.02022332372433811,-0.7986998699259646,0.00847390605543689,1.4722385783205645,0.009686005525676337,-0.7196765418862345,0.029764929676672658,1.045852723422221,0.01169994655010411,-0.2884724358571811,119041090000,0.12101441678013651,,143.157
2012-07-01,1379.3199462890625,0.012597574204787909,-0.0269574080235484,-0.3656300307632852,0.008847022889910242,1.1481447138831515,0.006651376652976546,-0.5180244010604007,0.022009209967016802,-0.2954125412106338,0.013381821463974734,-1.269329397040891,0.01764675616531124,1.0933265449849134,0.015245221445159557,-0.4781808431754882,0.02005012035385276,-1.1027940667190474,0.008578884082803061,1.7074154701329285,0.009443530530721616,-1.1906063642293838,0.030079610388667917,1.220902997144345,0.01224858126178327,0.46372599287049615,107790490000,-0.4959909275858694,,144.271
2012-08-01,1406.5799560546875,0.019763369506085704,0.007165795301297795,-0.28791911023033917,0.00904025961291374,1.7827130958116653,0.006744927546514043,-0.39228329092595093,0.021835658916141466,-0.5730736481934136,0.013728270289531892,-0.5176230065055784,0.017222189261929255,0.48798974688085495,0.015353286409881432,-0.32089152485426997,0.01996352738372238,-1.272470699030308,0.008064315372660391,0.5432995747293319,0.009475810086617697,-1.0398082346034778,0.029586824159227223,0.9614469222898777,0.012152386792404525,0.32301373606199607,105992760000,-0.553502966466955,,144.695
2012-09-01,1440.6700439453125,0.024236153617775313,0.004472784111689609,-0.16216492535967766,0.008961632932818243,1.6621423400478288,0.0068002536536488105,-0.32641029779499486,0.02213099330077888,-0.422657894039832,0.013816353175898022,-0.49436923687523654,0.017110050132312666,0.31742726274758876,0.015457055301534853,-0.1643587329081986,0.019709011320483895,-1.6825045274504113,0.007965557749304375,0.34416811975541645,0.009600043353994576,-0.6877780305870462,0.028563853942507392,0.43027797332759055,0.01264123146527499,1.1107554036162592,103504010000,-0.6573468593749326,,144.347
2012-10-01,1412.1600341796875,-0.01978940971629395,-0.04402556333406926,-0.587358736943571,0.008561327059497779,0.19915629746691144,0.007075489868318175,0.053330023730707395,0.02252714071028745,-0.1767857019627599,0.013878392156574604,-0.5445220815818987,0.01724111784112171,0.47251725467781414,0.01544913456164911,-0.12346775542951102,0.020084890086498452,-1.170895482844225,0.00824026090112604,0.9952582207395045,0.00958893042499772,-0.6489908753552047,0.028968523885942888,0.6691945166495801,0.012335728630499511,0.618526147886266,108119340000,-0.3263982194767953,,143.957
2012-11-01,1416.1800537109375,0.0028467166850427716,0.02263612640133672,-0.7177365291902278,0.008613908152217152,0.3915835115552077,0.006993284109595205,-0.0910812877105214,0.02258104570745104,-0.2637650765294313,0.014277562176616215,0.3754479448681089,0.017507938679448172,0.8006125672662795,0.015216841576672089,-0.309299828250827,0.020379144874297785,-0.7943946965730122,0.007865036329402095,0.15204095464188377,0.009739518959522546,-0.24379612869711548,0.028719291712419256,0.552305292690839,0.012028708282753719,0.1365498839016503,108383550000,-0.2688782740243275,,143.95
2012-12-01,1426.18994140625,0.007068230956284616,0.004221514271241844,-0.803369965786779,0.008519968575146438,0.026500014364268312,0.00726704753744389,0.27724745140926227,0.022341973112073695,-0.6376726306304303,0.01424127982193118,0.03129635179951213,0.01702403711675797,0.10578540671668828,0.01526397201170418,-0.20261663715748648,0.020807292888134463,-0.2228285461368126,0.007808535356260893,0.05388699117948082,0.009979967188129636,0.3623506572434857,0.029340594408383623,0.9177353293125129,0.01224063861018263,0.4967320643302975,99910670000,-0.7469944378060934,,143.858
2013-01-01,1498.1099853515625,0.050428096466868855,0.04335986551058424,-0.33782824493447966,0.00826557535528368,-0.9592317185972563,0.007336052427142696,0.3471544297205142,0.02288540321435285,-0.2507940766324796,0.014326357726780904,0.03957007433372984,0.017121583280349094,0.21872912936114547,0.015737718829397424,0.3407065795166391,0.020947768395839256,-0.08752678341816086,0.0077870474227088055,0.038817092651871055,0.009875430020793616,0.17902635211171228,0.029055024429788936,0.788952780376368,0.011994045312791173,0.11255567239690036,114876130000,0.19233726076002358,71670.0,144.302
2013-02-01,1514.6800537109375,0.011060648765041536,-0.03936744770182732,-0.375825597165286,0.00823911101771006,-1.0607304424914703,0.007343472047528989,0.32328836718972415,0.02291989301238796,-0.36977525311371745,0.014395760769097422,0.007781432090237072,0.01749461915849758,0.7113647631160209,0.015633975876470665,0.29758804579851694,0.02117866867946583,0.1801146868817584,0.007880825837452296,0.2882636305058957,0.009634727588495694,-0.31446803989793576,0.029100280103759923,0.8463182225252034,0.011340240449929357,-0.9306510756672872,105038910000,-0.3827118668279652,,145.152
2013-03-01,1569.18994140625,0.03598772398287298,0.02492707521783144,-0.0647473153466069,0.008157904673225667,-1.3791786786874518,0.007362964752321389,0.3128757550653565,0.023497903001866074,0.06881150426880114,0.014503741169449181,0.09379769318686368,0.017718829328319592,0.9917600584699547,0.015474601460278974,0.20103285490733308,0.020927592030963678,-0.27114750404043275,0.0080154834527232,0.6335635721546815,0.009505751337204363,-0.5533956513475068,0.028894163808331888,0.7706131863832892,0.011204849224072184,-1.124898194096089,102276290000,-0.5225109846307845,,147.952
2013-04-01,1597.5699462890625,0.018085767779890016,-0.01790195620298296,0.010619829714271029,0.008153284401518327,-1.393953680490715,0.007426771000313052,0.37104251346421213,0.023773649657725247,0.19176832186778361,0.01467884964828097,0.3842457365612979,0.017916072531194954,1.2226979457006941,0.015000388879121144,-0.21696466878158555,0.020403233407397543,-1.117341397857212,0.008342255274830327,1.4100432605756368,0.00942506012798063,-0.6819420749630556,0.030006601632591248,1.3954567167456309,0.012138087160194244,0.4025235350894074,114002330000,0.21034741533348342,,150.96
2013-05-01,1630.739990234375,0.020762811683057825,0.0026770439031678084,0.13305585729260838,0.008210468995222854,-1.1629738958955333,0.007719252506845187,0.7556291014542018,0.023673905077033333,-0.09133566748401489,0.014777893406044245,0.4561033417335732,0.017170096967053426,0.1663256399667074,0.015113958426372828,-0.026410247285360348,0.02099124939684956,-0.31676502742598656,0.0074328379212565115,-0.6499583524449168,0.009408439830962177,-0.670306661053201,0.027487456136384834,0.07898150448181868,0.011620531615263453,-0.41035846070090587,115591330000,0.32589747535797003,,153.849
2013-06-01,1606.280029296875,-0.014999301595580827,-0.03576211327863865,-0.2810863802673936,0.008094453401588583,-1.589643768640414,0.007713717515084759,0.705954219353482,0.02389229959526231,-0.032796545022021395,0.01512608729841961,1.2443932204649424,0.01737885992411377,0.42765859644836274,0.014996296208971652,-0.07082308147418709,0.02098185102023415,-0.4068900236644586,0.007613521985848696,-0.19143046943533837,0.009159123519433534,-1.1805143929345614,0.027241110141575358,-0.00924522072746889,0.01175660711975989,-0.15972638645721235,112475040000,0.15478308534704965,,156.416
2013-07-01,1685.72998046875,0.04946207991308538,0.0644613815086662,0.2759129331603494,0.008000395447880082,-1.9126585066660517,0.007743180079836345,0.7109571601368219,0.024396819218653824,0.32835493602125615,0.015172178799015171,1.1587725871935795,0.017277775263405626,0.26097516679936533,0.015041392474383576,0.051933224718224535,0.02117452659401137,-0.1922049238221879,0.007568938049893189,-0.26385840191740145,0.00921217673974438,-1.003256387675185,0.026019726003837937,-0.6154798193682077,0.012103911709330534,0.4226748394159871,103996340000,-0.3437336169770078,,158.275
2013-08-01,1632.969970703125,-0.031298019479343964,-0.08076009939242934,-0.40019057741987724,0.008172983840523753,-1.2611005408530425,0.007583738349658264,0.44123178305695293,0.024296538667398254,0.022424625725316675,0.015216539560703252,1.0888094079764405,0.01702586295505293,-0.11158642543898539,0.015367232217810932,0.4666269708745666,0.021316553558306653,-0.05069983897856997,0.007423409491944931,-0.5703927849733851,0.009498071802098931,-0.31371786837907534,0.025105755257604494,-1.049652438528571,0.011989456571547749,0.2552374935101504,97737460000,-0.7137118567945483,,159.383
2013-09-01,1681.550048828125,0.029749523259195332,0.061047542738539295,-0.12831390902647627,0.008137839301267533,-1.391387106160359,0.007572447781014338,0.38903903687119346,0.02435137240260763,-0.11173586687319881,0.015578272200056071,1.8913326794956278,0.016760684264497987,-0.4983770639815012,0.015238785591166423,0.4176464569472946,0.021915211134339554,0.7669552548406835,0.007291655626341082,-0.8370978323438254,0.009632139240150711,0.025059784810354275,0.025221612455461815,-0.9292203516163626,0.012055493352647188,0.3790493280446697,101172150000,-0.49022746138238815,,159.663
2013-10-01,1756.5400390625,0.04459575276194472,0.014846229502749386,0.3923786931989398,0.008181884146551643,-1.2391724021485293,0.007489468309385906,0.23702122666841965,0.02431631324647787,-0.35047538788472354,0.015597009903210491,1.7325117165671202,0.017073157680254095,-0.0910717394411918,0.015200531490642948,0.4639120417932659,0.02197862926954901,0.7808778092865803,0.007243737041835006,-0.9173192387469601,0.009607229088959952,0.009385225012083323,0.025045684546229855,-0.9709488538440284,0.012268923655220974,0.7400245606661742,119664590000,0.6389409351842241,,159.549
2013-11-01,1805.81005859375,0.028049471367328715,-0.016546281394616003,0.6700396700262247,0.008204622838093945,-1.1763103294625288,0.007607414161889019,0.3719116673000929,0.02476893558024919,-0.05706158537297671,0.015695432506606415,1.7996479663153717,0.01686613752193914,-0.4005278923874992,0.0147943541916162,0.13557610402123774,0.022161660080080057,0.9733624324915018,0.006909826779487002,-1.6439797865055508,0.00946680571933205,-0.2634505814510057,0.02323203391951273,-1.8541675050745199,0.011637042250707691,-0.2669795424439579,99446660000,-0.5874906681421446,,159.36
2013-12-01,1848.3599853515625,0.023562791975445974,-0.004486679391882742,0.8875593466784758,0.00829908049441396,-0.8455239156112458,0.007599336999352453,0.32475667859308277,0.024377555638328822,-0.676227804150056,0.015684225674814,1.5671497540665011,0.01659155880275516,-0.8054135395541523,0.014868850535257943,0.31176403095577804,0.022564883040385317,1.483266789686305,0.006812260038707509,-1.8159214673008908,0.009701728753219984,0.30949223935438686,0.022902572784612624,-1.9441870018068566,0.011918025243424396,0.21268440542485487,102098100000,-0.4239100671850587,,159.277
2014-01-01,1782.5899658203125,-0.035582905955811595,-0.05914569793125757,0.10501515430722996,0.008383767826930084,-0.5580933315370294,0.007591349673939773,0.28062497396198227,0.025514067696607343,0.3628611931484862,0.015287086239333253,0.2945155087736443,0.01631511078186318,-1.210736743535455,0.014523855735032658,0.057206628651759024,0.02239902863642119,1.1560025340823408,0.007273821846394746,-0.7529676924095768,0.009585202001961654,0.0823889862513763,0.024564516022999968,-1.0366167710194139,0.011983654514418532,0.34237775723365305,121099520000,0.7290058613277116,70760.0,159.363
2014-02-01,1859.449951171875,0.0431170301781616,0.07869993613397319,0.6544629820270031,0.008390382697119484,-0.5769149847653013,0.007498725268033445,0.11875674413058371,0.02598052318860046,0.6698585664984646,0.015593022970318816,0.9574652671010631,0.01625085798635743,-1.311006661173074,0.014636557537005795,0.2847792286850696,0.022344461856645223,0.9981139807068918,0.007213918499969867,-0.8738531864224779,0.009823304744346572,0.6548736944411022,0.02466794069291062,-0.9416732866579922,0.011468387213448722,-0.464580682178601,109703770000,0.03022433366127208,,159.864
2014-03-01,1872.3399658203125,0.006932165418227054,-0.03618486475993454,0.6063603979654335,0.008368470122554726,-0.7152787371856018,0.007695149067762736,0.3723259124425914,0.02547711893872355,-0.07222343353388001,0.01504168446263837,-0.7152289199659225,0.01649290405255268,-0.9983339743593208,0.014842265196999207,0.6117808503809817,0.022402900821080218,1.0084995723017427,0.007404326631290524,-0.43461382496686374,0.009836248645457889,0.7163943627933717,0.024533702891908697,-0.9661733687100857,0.011926316046743136,0.3068995700776931,118681210000,0.5697464038490103,,161.178
2014-04-01,1883.949951171875,0.006200789153414155,-0.0007313762648128996,0.5479510931051009,0.008339776947996536,-0.8870693436866989,0.007517639758346196,0.08505381693662728,0.02515994130361339,-0.5969120741369696,0.014745727393163285,-1.6559030442661062,0.016840437560153947,-0.5492327746542358,0.015525933689372565,1.427865959563623,0.022562670904597442,1.1668247819997266,0.007669301794824677,0.16205553104783646,0.009856267216809761,0.7889122142088797,0.02512114941842059,-0.6474732542176295,0.011595834617351888,-0.19959181837152318,115987030000,0.39679648645677323,,162.954
2014-05-01,1923.5699462890625,0.02103028007328045,0.014829490919866295,0.7524521877609425,0.008475004140784122,-0.4167929919348571,0.007473443553021234,-0.008405356549020667,0.02534976537143151,-0.5690816110035992,0.014858254891122762,-1.4845423566130782,0.01679183746740124,-0.6442516940532751,0.01546082326403575,1.4633401985817684,0.022522984128263406,1.0381982251923767,0.007429635623689346,-0.38746290447932585,0.009938790167589116,0.9994861702617905,0.025291865786557014,-0.5397495270388935,0.011674510491096997,-0.046276808522783555,102913760000,-0.4068852684381351,,164.667
2014-06-01,1960.22998046875,0.019058331749470137,-0.001971948323810313,0.9306885868322642,0.008471929286114437,-0.502905763306218,0.00751134065957812,0.014293179804604463,0.025403418791416523,-0.6868086131475432,0.014863044265411001,-1.6030647457369565,0.016436059334530812,-1.152365805869408,0.016008143329727286,2.104381831040083,0.022206711675228436,0.52477777912709,0.007614533142218146,0.0218890391294919,0.00991037431707805,0.9657111235831866,0.025070179859466225,-0.6367042288460413,0.011592377679658324,-0.15339303129853862,103532750000,-0.3813384069714928,,166.196
2014-07-01,1930.6700439453125,-0.015079830845342368,-0.034138162594812504,0.49941695328396457,0.00874743393561818,0.5248529772068081,0.007515674327861529,-0.009103924839038697,0.025826286482799846,-0.4060417389519651,0.014898414065042413,-1.6385489037278818,0.01613419500344239,-1.5747444334897918,0.015689814504241863,1.8722980939320157,0.021616650277196284,-0.3783091858452511,0.007205345263535792,-0.9170236783934379,0.009861437858152817,0.8897364816529886,0.025425645178514557,-0.43687158357480954,0.011925088323259494,0.42257762222007955,106061100000,-0.23996232695643221,,167.12
2014-08-01,2003.3699951171875,0.037655295579825276,0.052735126425167644,1.012782661253974,0.008706673270935624,0.253658629779662,0.007549977624068137,0.015434323581674314,0.02609451195120624,-0.28642384024414275,0.014996233877340592,-1.515834684927985,0.01626594976348142,-1.4171204163050866,0.015450620748169268,1.7327974486179287,0.021712443744844732,-0.28258801539890255,0.007285595855268774,-0.7385086683070584,0.009870829338955046,0.9450702994364495,0.025353805236744947,-0.4538212079781622,0.011477383811347663,-0.27121113575181566,91548440000,-1.1282884909432591,,167.435
2014-09-01,1972.2900390625,-0.015513837249453988,-0.053169132829279264,0.5760537546597992,0.008798151536485733,0.5150950789201483,0.007638015836789008,0.11375348208813281,0.02662102146128613,0.11142252757161848,0.014810467212353778,-2.09739393588549,0.016619549576035154,-0.98309306703405,0.01447758711394442,0.899418794416566,0.02180175775205793,-0.19463241935439493,0.007261798291762085,-0.8015149451685188,0.009885488874791112,1.016936247307756,0.024236317849848362,-1.0083612287633013,0.011436221529368075,-0.29880641486184467,106337130000,-0.2515146020189784,,167.227
2014-10-01,2018.050048828125,0.023201460667203078,0.038715297916657065,0.8491866115817196,0.008736572371806063,0.15873046089875717,0.007680678825064273,0.1448648464505871,0.027385210175306283,0.7643984614546141,0.014780666622872458,-2.257218152084578,0.016818809957690195,-0.7621692265838561,0.013649657727687848,0.22167826398072316,0.02213323574604343,0.24363169358515216,0.007667061185047108,0.10136491497851238,0.009429491731302444,0.054731651654669325,0.025665219446492006,-0.25865057801742586,0.011370959084413096,-0.36614426787550713,143850230000,1.9578332474304003,,166.896
2014-11-01,2067.56005859375,0.02453358864631494,0.0013321279791118634,1.1557281114228002,0.008937538243650817,0.8666373338421157,0.007672854770304294,0.10213979232135283,0.027659235211411965,0.8916093250900253,0.015212681488337206,-1.301025071356631,0.01732631478453784,-0.1439098997498738,0.012164560303993776,-1.0858563605384184,0.022268430266252564,0.3993901921308959,0.007570693041668841,-0.13822480095138961,0.009348210994192042,-0.07270997773629374,0.025732181779762386,-0.21409256633384677,0.011207942279334578,-0.59340596515031,96568180000,-0.8708729644446687,,166.644
2014-12-01,2058.89990234375,-0.004188587515997044,-0.028722176162311985,0.9392822029373823,0.008779763607558838,0.10064874614508944,0.007849232373707705,0.3252149842520409,0.02738577763103068,0.4344720718168004,0.015412629239852137,-0.9365940170397371,0.01723638311795186,-0.3150969837267822,0.012189976023786311,-0.9142228101712877,0.022357271211681753,0.4838344153118895,0.007873731739551542,0.51989902231374,0.009335254258024245,-0.05188976892918037,0.02604843241707175,-0.04367744023237301,0.010772095837798791,-1.2610304543794018,120330910000,0.5232893248859309,,166.445
2015-01-01,1994.989990234375,-0.031040805838410623,-0.02685221832241358,0.2282817248879119,0.008743286022640455,-0.1816351162100771,0.0075372725136416555,-0.15436746904724133,0.0286309533898331,1.6226222002414172,0.015430173159289769,-1.0266588074346845,0.017616134729098613,0.13558973806472716,0.012006769215217955,-0.9418047877235062,0.022253803060009087,0.28488977766992724,0.008315265281229995,1.4723196166510018,0.00945780439501833,0.266326087916553,0.028418769111442373,1.1619431586485915,0.010836210579198698,-1.1104497597310816,116049070000,0.2511391415863303,74590.0,166.23
2015-02-01,2104.5,0.0548925108906233,0.08593331672903393,1.090462487542103,0.008950970070354728,0.5285677274511226,0.007561159575741714,-0.15260714314049484,0.028304785440471682,1.1187817684850747,0.015877009287784547,-0.053428149461066145,0.017391503012981854,-0.2134131913837989,0.011904752971044655,-0.8819158115815625,0.0222246184091892,0.19264942321928655,0.007378488687019956,-0.6585559670746417,0.009680056690914837,0.8128527684468485,0.026240174122903488,0.04041599876446593,0.011092974698353788,-0.6551334564018818,104548650000,-0.44874686236677025,,166.609
2015-03-01,2067.889892578125,-0.017396107114219572,-0.07228861800484288,0.6303896360620987,0.008796478658045257,-0.25722133530716207,0.007647619009248676,-0.06412179442343711,0.028990448153540987,1.7024081468585763,0.016080054157122773,0.308863855396976,0.017355568314195963,-0.3100808016707191,0.011975555239934654,-0.6580587599446958,0.0220422195542024,-0.12132252072301698,0.0074343825881098835,-0.5560007041021575,0.009368237775465324,0.1696041204000628,0.026991685701322432,0.41909241299420924,0.0111267030099018,-0.5661586409537693,117880090000,0.32629595512418236,,168.068
2015-04-01,2085.510009765625,0.008520819822535275,0.025916926936754847,0.6620812095865536,0.008962103027551644,0.2645039654895526,0.0075892950951792675,-0.18308897762414567,0.02843228478237991,0.9914687956122703,0.01593572942558804,-0.2054055270476699,0.017078298481465477,-0.7196831008567762,0.012654979312239668,0.14685030689280196,0.021801117963782136,-0.5246441906683259,0.007336727862884821,-0.7955526173031474,0.009601385968437586,0.7300036919022286,0.02547472422075264,-0.3605422833682408,0.011226183123730062,-0.36983289645373774,109470700000,-0.1852287056871531,,169.954
2015-05-01,2107.389892578125,0.010491382304589791,0.0019705624820545165,0.7342887317408993,0.009033603592976214,0.3981205143067038,0.007656786149094709,-0.11875812943960715,0.02940444625897358,1.8901980942496965,0.01597760686300962,-0.2422588937499964,0.01704773286932413,-0.8006177607505023,0.011873779160689301,-0.47151536886914597,0.021644580970818717,-0.8011136920291904,0.007306527053990277,-0.8860695098104997,0.009537505724426541,0.6197207874305417,0.025126751590530395,-0.5360531770323723,0.010853114668735125,-0.9393337978442338,101182270000,-0.6878624264883412,,171.835
2015-06-01,2063.110107421875,-0.021011671979729973,-0.031503054284319765,0.21484539896465724,0.00884797786793419,-0.5323223102836494,0.007785064489978639,0.03598641078151069,0.029917820903238967,2.276261566303814,0.016411005728774124,0.6986080863320503,0.017094192085579798,-0.7800532613446451,0.011706125468152827,-0.48883287415785115,0.021522201677084393,-1.0310778586231897,0.007016736618896706,-1.5456511028568827,0.009357433729653124,0.2487394192459993,0.024537265861459778,-0.8285476159028959,0.010883471570732096,-0.8511076939129999,114552800000,0.08928155339422698,,173.432
2015-07-01,2103.840087890625,0.019742029435184882,0.040753701414914856,0.463942120168439,0.008923991268059976,-0.3862888896643042,0.0078942538706019,0.15869921936214262,0.03020626917865153,2.416401607556081,0.01688028129133749,1.7118772008979903,0.017717629282228867,-0.006712393089750644,0.010596691815700665,-1.4067713767429713,0.021167998735455034,-1.5867570452234936,0.007300784921290576,-0.934306674110092,0.008713573145750848,-1.1521805696201117,0.025253532736187745,-0.45293777911817573,0.010592574929540232,-1.2740219320736008,118554010000,0.30577266876184056,,174.474
2015-08-01,1972.1800537109375,-0.06258081825586559,-0.08232284769105047,-0.8320501337521343,0.008994345185059835,-0.2708855714954751,0.007826663575316046,0.0184475647094643,0.029656424177643376,1.765268973417792,0.01683095034265388,1.4316476138389205,0.017773394354045492,0.021901754105748815,0.01082347059769812,-1.0371013226633679,0.021360872757712118,-1.357834624736365,0.007517296563978718,-0.479771001649786,0.008771343100831457,-0.9920130568279684,0.025373388015881803,-0.38819195635626536,0.011085856028735649,-0.448112425901821,128035090000,0.8438476577509372,,174.913
2015-09-01,1920.030029296875,-0.026442831280001466,0.03613798697586412,-1.395474362731485,0.009111902656361042,0.03041254102310807,0.007813066731966904,-0.042529516821895555,0.028724721827089343,0.780775857114637,0.017186619255807434,2.1164899075667174,0.018327313119950134,0.7035672044394601,0.010317722517030132,-1.3748450219592647,0.0214574736093834,-1.272083296580896,0.007946745938491767,0.45570958103880266,0.008340948502328773,-1.9089685769630786,0.026483556670828436,0.17902058194404272,0.010842062336773246,-0.8040155607643198,121493290000,0.43994241512380305,,175.018
2015-10-01,2079.360107421875,0.08298311781266654,0.109425949092668,-0.09100871326490755,0.009297676507230958,0.6018126727530468,0.00766648743201732,-0.29447768663608936,0.028570146690307066,0.5773911117500801,0.017303658604454895,2.20783175294908,0.017887663012549286,0.09182862314649855,0.010590373500700183,-0.9691716990765123,0.021552781599845673,-1.1934115226216468,0.007415802123567536,-0.7774037692138224,0.00873593715712196,-0.996886249574244,0.025974253553955655,-0.08498789032700246,0.011075459703871958,-0.3991545910944041,128193140000,0.8183874261020654,,175.022
2015-11-01,2080.409912109375,0.0005048691103348713,-0.08247824870233167,-0.1989126391305907,0.00935898344530491,0.6583741122976147,0.007815363209671133,-0.10245050707861399,0.02846366883791658,0.42954819709645975,0.01725433774706593,1.9235493984123209,0.017713755003749988,-0.16677642642168744,0.0105834726963739,-0.8427875585205048,0.021728471875788826,-1.00185343748687,0.007254500499861583,-1.1679214677435081,0.008818302558899349,-0.7807299728751221,0.02590947127682333,-0.11897434757430507,0.010999454979833616,-0.48886833199212504,112778450000,-0.10042549681438502,,175.113
2015-12-01,2043.93994140625,-0.017530185032692547,-0.018035054143027418,-0.6408562320255514,0.009327726785414391,0.31619721172904103,0.007766726953594479,-0.2073498897912203,0.029470682585405743,1.3757723606639571,0.017062895709950503,1.339419241328113,0.018555874728767803,0.9032393259343388,0.009639396149870437,-1.6017462739278874,0.02154724330080657,-1.3143369242147347,0.007540418147748358,-0.5592151260407446,0.008586095372264476,-1.2571934703976333,0.026663260985038423,0.2652192912598915,0.010874387487938932,-0.6596606263630475,124267200000,0.5600664008301541,,175.086
2016-01-01,1940.239990234375,-0.0507353220469523,-0.033205137014259756,-1.6563426445229181,0.009461479107230287,0.6522038739479783,0.0074573857827444886,-0.7027699344686786,0.028649376565248012,0.5470548523301558,0.017043457349818925,1.1668804400276414,0.019652161437397692,2.2487073840305456,0.009799381140745642,-1.314871913845071,0.021405710287102805,-1.5694235679502297,0.008336201014807311,1.1735743880714584,0.008076339213081098,-2.2946764996151723,0.02693605992936149,0.40640890933377477,0.011057689192187007,-0.33124672620051676,137286900000,1.3036421202186792,77230.0,175.011
2016-02-01,1932.22998046875,-0.0041283603090035426,0.04660696173794876,-1.8111877733424373,0.00943849787078361,0.33249981266211454,0.007271098083667344,-1.004420095273914,0.028664264893774827,0.5465983280111861,0.01719031053657289,1.3779352769541688,0.01979582758748784,2.3432684731609865,0.009564466609593585,-1.4054325188017163,0.02241029389541664,-0.235037346829504,0.008532936906320544,1.5467176855775497,0.008743627449865524,-0.816853270760057,0.02684487482269692,0.3641204246275091,0.011822721690133976,0.9376844253973682,136158210000,1.2120726495866627,,175.259
2016-03-01,2059.739990234375,0.06599111444005845,0.070119474749062,-0.8182986223319111,0.009635289648375341,0.9168157036962542,0.007309297824118331,-0.9720288013946891,0.027617816425744915,-0.4781561114277763,0.017206169373789142,1.292128607686825,0.019450274218755094,1.8613256801425038,0.009884493053855805,-0.9842108268743427,0.022488999320824092,-0.1971066020498291,0.00864318943911093,1.7171512053435043,0.00882351312480776,-0.6179992301186449,0.0277655620032489,0.8439132741422297,0.011591749457281555,0.6099282779520544,133378300000,1.0390282713838443,,176.58
2016-04-01,2065.300048828125,0.0026993982833325436,-0.06329171615672591,-0.888532712623639,0.009126285733773597,-1.4164061634281677,0.007552048054818807,-0.6376613999108159,0.028360261146414746,0.23902252026782203,0.017181539778087725,1.1219542244722738,0.019120073833830468,1.4307655422381953,0.010751446840221295,-0.06188915488094292,0.022707453623862207,0.03602652543966558,0.00841145806551215,1.1571150773216567,0.009249465931313183,0.3223612894540928,0.02722847098913655,0.5738961070887793,0.011741114454110536,0.8915613353039775,119139290000,0.2049185990899616,,178.474
2016-05-01,2096.949951171875,0.015324602525288444,0.0126252042419559,-0.7429922848434163,0.009428044658775354,-0.42247634763881686,0.007578462191267381,-0.6271347059692448,0.02855657753477748,0.4285108796757344,0.016930767293386845,0.45494420419676096,0.018961118789764756,1.229371623530739,0.01049033859107821,-0.20533981492518322,0.02226914785786229,-0.6529790021006517,0.00840940067314332,1.1060070285657233,0.009078916032830887,-0.03164347553890662,0.027409481422224685,0.6731956568217577,0.01170840395573137,0.8854721778987451,117686840000,0.12235250397430904,,180.322
2016-06-01,2098.860107421875,0.0009109212401243738,-0.01441368128516407,-0.8572402381655096,0.009289683216603693,-1.2443984766532254,0.007326798420128067,-1.0256615493968646,0.028789966951578417,0.6569263635028837,0.01672259554019917,-0.10768315902789356,0.01995896486199552,2.3836962667582164,0.010765942229849234,0.15377573815611925,0.022407554873361202,-0.5290359454740603,0.009042641023581556,2.379122965224237,0.008999487905916658,-0.18833193417553526,0.029094187070944272,1.5295974377141295,0.012380402814678866,1.978905863733112,131066600000,0.8916258894745217,,181.896
2016-07-01,2173.60009765625,0.035609800753315435,0.03469887951319106,-0.35389685581367375,0.009607295151187243,-0.21262168896842779,0.0073193601051311985,-1.0600416763927087,0.029152994176388225,1.0160194343280309,0.016884009747316263,0.16103582636789615,0.019115412740959126,1.3885246990021591,0.010264740715445668,-0.21993088938387556,0.022421271784349345,-0.5928720502043849,0.008673465691482012,1.546408742337764,0.009130725653948875,0.10123725255862688,0.029120135060775692,1.5458709546671525,0.012374725740548256,1.99451278371567,105580290000,-0.5869929284010517,,183.0
2016-08-01,2170.949951171875,-0.0012192428990193127,-0.03682904365233475,-0.5179293731439151,0.009730848470925847,0.024792651268874193,0.007610274212172878,-0.6576871724101029,0.028241501537131765,0.14663686054056058,0.01668508505646121,-0.38511870676778587,0.0190267797991973,1.3017438083245332,0.0104496279806001,0.044171369576593206,0.02266136692550368,-0.33965318031885466,0.008202527083815263,0.5345781899856518,0.009117467558124745,0.07709173519844861,0.028179270107850568,1.0921367905852704,0.011577502350090432,0.8299825057496936,114365090000,-0.08059193724708981,,183.638
2016-09-01,2168.27001953125,-0.0012344511393173052,-1.5208240297992504e-05,-0.6817873177809708,0.00994764811117464,0.6430899031640326,0.007406190330645494,-0.9877599598681099,0.028132306135611334,0.06175363976604374,0.01666115950215927,-0.5233813278183786,0.018755864190719444,1.012442322056172,0.010848421197718696,0.5001352123478381,0.022731604991491048,-0.3247693985104745,0.008242320443589258,0.5954391884636612,0.009022736170446584,-0.129275094476654,0.02779859687854188,0.926111235880081,0.01167713926353027,1.0593614065704244,117135630000,0.07400100354434859,,183.925
2016-10-01,2126.14990234375,-0.01942567890903446,-0.018191227769717155,-1.1761841628699885,0.010068281316922943,0.8475714129737576,0.007725105454768846,-0.5413902811081934,0.026799792965892768,-1.2012881086213845,0.01657938934124572,-0.7866811545959607,0.018980055240672842,1.2982750336373317,0.010751535854621408,0.4843333196734286,0.022717344546436844,-0.42949984362149835,0.008481100566272158,1.0706610797858775,0.009008778998267252,-0.15643844777858273,0.026943079830422646,0.534877262673939,0.011605395453230158,1.0316670636355805,107623980000,-0.4762002902360903,,183.993
2016-11-01,2198.81005859375,0.034174521829295035,0.053600200738329495,-0.6988167589035418,0.009751996124723888,-0.7629514253466698,0.008518023192809143,0.6183213150085751,0.02644893190908257,-1.4982566516626805,0.01680127737436997,-0.3628582524569997,0.017581197926879396,-0.2697274085388967,0.011276489679309854,1.0548976385822373,0.023963262391900983,1.2502169264568448,0.007756204500036974,-0.4510476787983649,0.009305483584538246,0.5016140955504448,0.0254442492005064,-0.17804382428094098,0.011418454130185827,0.8320526032028762,130395640000,0.8354530116573142,,184.202
2016-12-01,2238.830078125,0.01820076244186586,-0.015973759387429176,-0.5057362096241858,0.009794114721597497,-0.8866893728333435,0.008680015898970234,0.8430794304825379,0.02616221161630525,-1.7220807687790571,0.016507393325131448,-1.1121102661846702,0.017784342160102978,0.019147672792258423,0.011266597390550397,1.1117305694575477,0.023606940619272238,0.6556967121652545,0.007990727527216275,0.03143195286426496,0.009155291008760068,0.17333314384869494,0.026047487687901133,0.17694456311372198,0.012187155918520416,2.0650446263445765,113993060000,-0.12961455650447942,,184.374
2017-01-01,2278.8701171875,0.01788435819838252,-0.00031640424348333696,-0.3163120312942479,0.00996425416573283,-0.4896593230102349,0.008549513394324472,0.6245728709949594,0.026291596865501383,-1.5506800302214272,0.016900716508939335,-0.2936077460526455,0.017769208033487846,0.06019817978223011,0.010713015287673827,0.6576084447321722,0.023624553017210163,0.5974136120979501,0.007948927140867848,-0.06355267219605161,0.009403432413491728,0.7269330013673466,0.02562309458486872,0.016544113634558173,0.012316601868580364,2.311886520976883,106691860000,-0.5587741406479303,78600.0,184.628
2017-02-01,2363.639892578125,0.03719816006681631,0.01931380186843379,0.24803621613487606,0.010042351107822584,-0.4860847969442521,0.008677847597301608,0.8086463855197111,0.02695542800632838,-0.8961963008887225,0.016590391331625397,-1.1000341310542072,0.017949598803136176,0.3306908500075175,0.010113437298358337,0.15619776737665061,0.0236685301192412,0.5819215833528945,0.008067449849294564,0.18610004199320154,0.009116784569314843,0.10558058088366556,0.02578477985882101,0.16630452938168597,0.011128720981030875,0.675080718486013,106072090000,-0.6050776498152176,,184.995
2017-03-01,2362.719970703125,-0.0003891971352694146,-0.037587357202085725,0.0772018573167875,0.010269895356603805,0.12737032578043855,0.008424600597290617,0.3884322767053557,0.0268363226193907,-0.980948239478518,0.016951030001856847,-0.3497651007582932,0.017880686487420926,0.3164323932540544,0.009967032556337503,0.08976680336621984,0.02349647820541263,0.26547550943095116,0.008059669369047463,0.17537828830608923,0.009177052031779036,0.2562930505421512,0.02542003034863342,0.026264434036816955,0.010916840070022828,0.4896659611216648,125728890000,0.5382502761053786,,186.504
2017-04-01,2384.199951171875,0.009091208748854607,0.009480405884124021,0.10094086716551819,0.010381643941340304,0.25012813036873793,0.008278335633309007,0.1354232302292098,0.02700226202816536,-0.7981888122926812,0.017201317037937848,0.13874512679454182,0.017914383202895283,0.4222852565768191,0.009586147865950594,-0.2050452392967733,0.02374290378614583,0.5484280343798256,0.008047765002714096,0.15805399388771646,0.00920890130649336,0.3397434678966947,0.025332230346817523,0.03407893098625051,0.01137714282887331,1.2970555425234163,99263880000,-1.0225928070241728,,188.518
2017-05-01,2411.800048828125,0.011576251246328662,0.002485042497474055,0.18019678987609672,0.010668597538014237,1.0901642878343782,0.00808621773030003,-0.199002262052775,0.026898322259544822,-0.8716337143345599,0.017191393623048622,0.009887390488616865,0.018177947895747358,0.7945414660983351,0.009141194713431368,-0.5584665429883748,0.023888675172210848,0.6939406853277902,0.008284978036910199,0.6561818729236105,0.009105232042408677,0.12872757539375526,0.0250137814991052,-0.0899353353962893,0.010810428416022581,0.6002190806677411,122124490000,0.30300477361056727,,190.513
2017-06-01,2423.409912109375,0.004813775207812565,-0.0067624760385160965,0.11578992887853497,0.010318940569117132,-0.7128145213023744,0.008571636447495423,0.6053779637058366,0.02799204400396644,0.15763012595176182,0.01689356818415587,-0.803731380130702,0.017683190288070454,0.2874031348445814,0.009087242603906174,-0.5270239497315553,0.02409548378965871,0.9312844722437102,0.008021932854903348,0.10743946476211427,0.009229269212143473,0.4242924838336838,0.02541174415216888,0.1798885251302634,0.010680948884764263,0.5580908592612672,131371130000,0.820920463327134,,192.24
2017-07-01,2470.300048828125,0.019348826001101882,0.014535050793289317,0.35730633027240416,0.010574465539041992,-0.0012880086696375017,0.008552093855677442,0.5469571012505624,0.027685973645502838,-0.12281685293891123,0.016892781865895316,-0.9153467338335471,0.017467522060664244,0.10635140252363377,0.009148194532526997,-0.3813836598992614,0.023707528458941276,0.347824466178678,0.00806049778353168,0.1905445380894335,0.009193739110748207,0.36821656249016227,0.02520751995953095,0.10412554014102564,0.010361279975122423,0.22851540316933935,99576290000,-1.0478247463423211,,193.484
2017-08-01,2471.64990234375,0.000546433019853243,-0.01880239298124864,0.1952001340032981,0.010877466958560742,0.8935313267302524,0.008414562859459587,0.29837918938848007,0.028155758964104466,0.32081753774543553,0.01656939786315086,-1.7724366136676741,0.017265482715714275,-0.05908553802528845,0.008642257844523611,-0.7880864784890387,0.023746603697713465,0.3733587447938777,0.008321000022175297,0.7395234830286284,0.009261031660743047,0.5378384233418777,0.02536242318654966,0.23509255501532533,0.0103491260031482,0.37788645662385634,112153070000,-0.3212234436755272,,194.318
2017-09-01,2519.360107421875,0.019302978562167672,0.01875654554231443,0.4556221986600801,0.01075875224179472,0.031500430103106054,0.008678952235515222,0.7444902697839232,0.027874307402082254,0.05564518085819203,0.016389539880567468,-2.263777339451721,0.016817409302705543,-0.5201795364338978,0.009341915146077268,-0.017971049076046897,0.02427175679520479,1.094924652574635,0.007938376101177027,-0.0671336697845579,0.009421546736120352,0.9166329748402408,0.02468678922618678,-0.10042217941197042,0.009781055167846189,-0.3813884444524996,104978770000,-0.7839029464304726,,194.786
2017-10-01,2575.260009765625,0.02218813506615125,0.002885156503983577,0.8028262246930397,0.011210873601014006,1.53732735105715,0.008733524541713732,0.8260700683677169,0.02706238300801127,-0.7129024626738029,0.01637375317173014,-2.3705425059132845,0.01618109559960809,-1.21024614750925,0.009063063333164268,-0.20374550246952228,0.02392214353497945,0.5722436482336072,0.008069094330916031,0.2183088297274507,0.00957403747203924,1.2750531140351864,0.024163008087111956,-0.3486238020324371,0.00949007668559711,-0.6969340523343628,112709330000,-0.3485387009062589,,195.049
2017-11-01,2647.580078125,0.028082627806563343,0.005894492740412094,1.2937995309219101,0.011058812925285178,0.513807352488144,0.008788775775997909,0.9047313650704492,0.027089075689880424,-0.6784762423478516,0.016733294889071756,-1.6786751228830485,0.016616625595878756,-0.5967902847973051,0.008969977420787409,-0.2075292393962621,0.02423809969175124,1.0039588042352756,0.008059423396706235,0.21014788644843987,0.009400908467278491,0.9233824655559846,0.02410585941217326,-0.3398525682827431,0.00922473169664626,-0.972949546319909,115497630000,-0.20757228595220933,,195.412
2017-12-01,2673.610107421875,0.009831630594270502,-0.01825099721229284,1.3501188415202041,0.011010917378033107,-0.07226368843935706,0.008867536034256628,1.0192062987446477,0.026677671147766157,-1.0615359859070679,0.016977714273543304,-1.2865184857364227,0.016825576400632373,-0.2638002672263978,0.009350707792600327,0.2602447333060691,0.024508218666843454,1.3695131358348356,0.007497456221777396,-0.9623974612455751,0.009507389298634376,1.1857820373698922,0.023841750655892596,-0.4551608296680552,0.008994972494561508,-1.1808908912582958,104287650000,-0.9239859214568312,,195.808
2018-01-01,2823.81005859375,0.05617870412552817,0.046347073531257665,2.501775697348416,0.011158839326982483,0.1323998661037356,0.008946368049370214,1.1607749005017576,0.02691447785580313,-0.8339777256557324,0.017560135344620236,-0.12384874018319876,0.016191038375107186,-0.9552862788498573,0.009170667477944164,0.17086261553240087,0.024449623199276935,1.280329265152959,0.006877670818935935,-2.2032981117930444,0.009361572551214621,0.9094002346697001,0.021890888796494236,-1.5020202673919707,0.008557066462807636,-1.723610465639732,122012720000,0.1116977671590713,79620.0,196.08
2018-02-01,2713.830078125,-0.0389473718793677,-0.09512607600489587,1.2701403317472566,0.011563561238197932,1.4006733536098985,0.009036606732567771,1.3004009278110824,0.02674640184896375,-0.9891538347118596,0.01763791294870171,-0.10269253509396571,0.015562243316929127,-1.6196228312869454,0.00850840535287996,-0.3747913346923066,0.024457696007538065,1.298844331054718,0.006878775409217542,-2.1346115920176274,0.00922721929874356,0.6825252401308924,0.021261632771966656,-1.7816054403574788,0.008412707947472833,-1.820529443261315,123997110000,0.1815458360798725,,196.871
2018-03-01,2640.8701171875,-0.02688449860055664,0.01206287327881106,0.39903432240142234,0.01143933965564772,0.43776138119624364,0.008900390042150303,1.0580745965521652,0.026683702691614054,-1.0581516465253813,0.017692966613028892,-0.13828630820978755,0.015847143014368858,-1.1839183039089103,0.008894121699502006,0.1117517133206065,0.024457725309152144,1.3424925335512143,0.007337186433507836,-1.1747286869984876,0.009088979114503425,0.44185629440305446,0.02267315654131218,-0.9405503758035819,0.008429976168770946,-1.6593848969594671,125564440000,0.22696674373133158,,198.538
2018-04-01,2648.050048828125,0.0027187749953683227,0.02960327359592496,0.274684205089608,0.01141530038548228,-0.11062011524083831,0.008837621450289603,0.9576482300026969,0.026892499506518883,-0.8900346193129178,0.018064814376882017,0.5382712760922311,0.01514955479982184,-1.92796448065742,0.009712137234908906,1.0423602085797938,0.02371178062507854,0.32332661522509604,0.007466445934706709,-0.8962544343881782,0.009075478023241417,0.47913941593371756,0.022662611766212478,-0.8951307859731954,0.008522240688004412,-1.3668274108209446,113427740000,-0.5610237644479671,,200.576
2018-05-01,2705.27001953125,0.0216083418545836,0.01888956685921528,0.6179561114938698,0.011931748907523347,1.6196783155534784,0.008565606125549217,0.49915033047799173,0.026371690825903505,-1.4149139999305556,0.018033992579587765,0.2977878575191933,0.01459690703574638,-2.4572673672680687,0.009791361060713563,1.2590810200264642,0.02392371466247972,0.6769770046048261,0.00722772438593255,-1.3505484730990758,0.009065834347175372,0.5426484392238398,0.02293111669831003,-0.6992155893983064,0.008214070678289428,-1.7017968898617841,121772950000,-0.12146892023985932,,202.413
2018-06-01,2718.3701171875,0.00484243626760783,-0.01676590558697577,0.5329683316529348,0.011842998458207701,0.7815832274211724,0.008375409085312207,0.17909839621791854,0.02667745746891358,-1.1377416052954092,0.018596530841593885,1.4163560592416757,0.015190288969525555,-1.6789929458159225,0.009799672641938834,1.5414600359888513,0.023001554062780323,-0.6116055571227677,0.00739529026438141,-0.9944193698213316,0.009047007505493764,0.6051991403505873,0.023747015342661024,-0.20856817161485217,0.008413870115562124,-1.233304085582722,126465100000,0.10054483408050108,,204.006
2018-07-01,2816.2900390625,0.03602155617289915,0.03117911990529132,1.2341798278196694,0.011669826398870134,-0.41404552695519314,0.008497689127516011,0.41046860821098763,0.027437567530525706,-0.4211169980721864,0.01827346822303001,0.4889634756760663,0.015242588893231032,-1.5378756981807356,0.009605925384273831,1.4536057250682264,0.02384145054875704,0.661179981376823,0.007252185997359114,-1.258524614623716,0.008982078696641782,0.5440865393541946,0.023111924196074666,-0.5186497300710524,0.0081360569045238,-1.5388985636303198,103862390000,-1.324999933072608,,204.915
2018-08-01,2901.52001953125,0.030263211276748248,-0.005758344896150902,1.7951877275113317,0.01207450832907994,0.8099374033471157,0.008360213912074305,0.1949484296549542,0.02778455649340585,-0.10701983525186906,0.01864210824766383,1.170730904180288,0.014852845653283495,-1.8919732860059892,0.00899974813048387,0.9018541967986129,0.023195281870880918,-0.2134675226378655,0.007129831667609902,-1.4759800358702486,0.008651095225882581,-0.1991363434902169,0.022965907278024566,-0.5573075591260382,0.008486058611562534,-0.8505888495651133,115720850000,-0.6798286649203614,,205.293
2018-09-01,2913.97998046875,0.0042942874264617625,-0.025968923850286485,1.6610876380210782,0.012020557594543143,0.08263281579284915,0.008140043232415597,-0.15158003222988725,0.028483063507495437,0.5415363398032944,0.01866085616993846,1.0317263895597544,0.014935337530922039,-1.712028527876865,0.009180457350208142,1.2213701115505944,0.02359900261502043,0.44023090919006475,0.00705331701019181,-1.600308360728188,0.008459442540765649,-0.6113849318829919,0.022215192693124185,-0.9361365167926692,0.008514647375654572,-0.6982959177510075,107938870000,-1.2350902583083714,,205.341
2018-10-01,2711.739990234375,-0.0694033560936963,-0.07369764352015806,-0.4319369090012088,0.011883067451574808,-1.03316240480494,0.008334821095376395,0.21941586977685099,0.028532510346585986,0.5727927153648374,0.01802712236345383,-0.6218423289334125,0.016370607084340218,-0.04908033077410183,0.008747586438074393,0.8482448833101234,0.022603145574612415,-0.9436250522235226,0.007729066597225767,-0.2684312914669623,0.008255531931424838,-1.0736380617808325,0.02330218553819668,-0.2883949737927649,0.008675876757753716,-0.343627170738495,153820940000,1.7461405349683128,,205.338
2018-11-01,2760.169921875,0.01785935665477978,0.08726271274847608,-0.2285171791450545,0.011445453441622493,-3.3744028397029084,0.008403575138629727,0.36557912320088953,0.03029781896335781,2.21097873069624,0.018149476189174694,-0.5185745973149636,0.01644883266835644,0.10489835553771881,0.008459735496551461,0.6554027356757287,0.023051850938592154,-0.2162356861124035,0.00786217093461892,0.011782070056852447,0.008419013346063245,-0.6291290565730253,0.023968976236319238,0.10302559242265996,0.008677798362607176,-0.22433874785542204,129521720000,-0.021777687589640746,,205.076
2018-12-01,2506.85009765625,-0.09177689467997252,-0.1096362513347523,-2.8358988632656765,0.011546419458041628,-3.3714519272085206,0.00822302827370083,0.07296391899532385,0.030239119339801158,2.1341671149838106,0.018393567581133648,-0.11155524622537646,0.016496490560824646,0.2242046748092021,0.008155939912152814,0.43937180216956156,0.022675864681520108,-0.681621730479289,0.00831086514241544,0.9260104594930088,0.008631288439595881,-0.03916116668629182,0.02432667891046194,0.3337877210451925,0.008769292261740244,0.04084560123869503,133387010000,0.13885088825644634,,204.666
2019-01-01,2704.10009765625,0.07868440166582613,0.17046129634579865,-1.2674236213194587,0.011446797122678109,-4.010588133960341,0.00830167308234367,0.24526804266942193,0.02938136974433175,1.3902563568108737,0.018734474023279536,0.523366188648569,0.01607920020541723,-0.21984128543185044,0.008408737400905057,0.8640067328325929,0.02342388807270932,0.4809767452998388,0.007972517381961385,0.2815383080544375,0.008449914574258527,-0.5093057244100282,0.025140232334903756,0.8280997300544177,0.008651025192411625,-0.04164412851476873,130402350000,-0.17673640354987766,85320.0,204.167
2019-02-01,2784.489990234375,0.029728889343927145,-0.048955512321898986,-0.8125153567247752,0.011884465250759934,-2.698689800532029,0.008242259489055543,0.15672642149973723,0.02884150834732467,0.8935506963505784,0.018432771128366877,-0.3795057983194354,0.01589283257714788,-0.4016140302046035,0.008354182109087982,0.936090697278739,0.024196101412232992,1.6985706114569101,0.008060465118496526,0.5127250353900048,0.00846744251517566,-0.4234649345658815,0.02459269435596927,0.5295776735280032,0.00889563132147408,0.4983427903060183,113267580000,-1.4479512232537375,,204.391
2019-03-01,2834.39990234375,0.01792425624958849,-0.011804633094338657,-0.6231589683134522,0.012231947523286988,-1.8428806633437718,0.007889888802701396,-0.7522985425202097,0.0284702048123199,0.521446847633355,0.018770102529332793,0.26597575704842713,0.016209862395692845,0.0666405447591778,0.00838172959241331,1.0901534711824064,0.023496807885335903,0.7385430914559616,0.00813957288696988,0.7126182000338608,0.00842256357010714,-0.4969105461420876,0.02516731803279705,0.9353267850496707,0.008805505004564286,0.47170630615065423,128782320000,-0.5046842000547819,,205.737
2019-04-01,2945.830078125,0.03931349831373798,0.021389242064149494,0.26930220275516215,0.012518357185242647,-1.252415293937087,0.008273518382462632,0.37245007571371297,0.026649846843890164,-1.4607150670210154,0.019046776221353673,0.7815760737359144,0.016041448856384654,-0.11088968594011984,0.008063457717766771,0.8573708226511612,0.023505945780416572,0.8382403259361203,0.007904386284696323,0.19911380074520652,0.008388703374614209,-0.5279752873070918,0.024204205142166663,0.33393374713641916,0.008637657807563658,0.3088007335730219,113643770000,-1.753621236117451,,207.65
2019-05-01,2752.06005859375,-0.0657777313668354,-0.10509122968057338,-2.193265689686803,0.012238712246632007,-2.7039865197863255,0.008220766966072468,0.2935735442728841,0.027893458473668253,-0.12301936421514205,0.01883757588642315,0.10570931322563495,0.01654608096979553,0.6080909153691407,0.0076729013446336985,0.5586918153396726,0.02323866740273932,0.5135477238092553,0.008394634078936607,1.2875828921697263,0.008244743450795648,-0.8783004193518099,0.025869694847733916,1.4715600893521932,0.008538361998531285,0.2579893311007786,125073370000,-1.0318351636713061,,209.313
2019-06-01,2941.760009765625,0.0689301639982407,0.1347078953650761,-0.42750318845105173,0.012472882318104337,-2.2922375866524187,0.008202360280125671,0.31949886236442293,0.02781543683034801,-0.2180440703398409,0.019000215279553447,0.3360254153342391,0.016287045314271217,0.300586631942363,0.007852508961198143,0.8853819767148525,0.023462037558729863,0.9636494614198067,0.00810353638888384,0.6632655829234143,0.008604997337430118,0.20950872972815035,0.024511035214141327,0.5965079830072413,0.008451947029901534,0.2303161044310744,116072030000,-1.830016627386492,,210.548
2019-07-01,2980.3798828125,0.013128152166957952,-0.05580201183128275,-0.3354905163171888,0.012741930030515327,-1.7976144697394938,0.008286740825578351,0.6697068186449733,0.027010453231895184,-1.1113844361445024,0.018993151857984624,0.1589762700949923,0.016452496924875545,0.5614240027542353,0.007627883226121748,0.7568806244307726,0.02327765895870421,0.7695917753462833,0.007987796275626173,0.4260956381630062,0.008470263893640013,-0.13228338004953305,0.02476977831744,0.8210880271502573,0.008486893469792187,0.3980835985248898,113445830000,-2.1270417696454302,,211.298
2019-08-01,2926.4599609375,-0.018091627240523933,-0.031219779407481885,-1.2872035762635559,0.012777478866301041,-2.1214017766091984,0.0080421005995772,0.010763088604481613,0.027345143462214207,-0.7519804522276609,0.01916043653925408,0.4069755104673878,0.0171193350612091,1.4770257450211282,0.007121677094474079,0.3118773411728867,0.02307899827977155,0.5499282681855493,0.008548892639432775,1.6644445067532605,0.008382354352044503,-0.3439781940403827,0.02609252130263507,1.7824812674415007,0.008187443661892519,-0.013906384872681221,126592520000,-1.2963297099562987,,211.656
2019-09-01,2976.739990234375,0.017181177931020697,0.03527280517154463,-1.0612161505964424,0.012759231640714994,-2.5958076728153823,0.008265374360059075,0.8156405619599072,0.026854874733929498,-1.2965738262046311,0.01907629544235674,0.04971188367954247,0.01712491056143552,1.4918880126998961,0.007276838709871877,0.6086769974551317,0.02337243239350803,1.1357883432155997,0.008761822980617872,2.101262699363752,0.008502805222531431,0.043650814308848755,0.026136621241499132,1.8312751060033274,0.008322372350541434,0.32634927408985676,115899470000,-2.1845464555504654,,211.835
2019-10-01,3037.56005859375,0.020431770513684056,0.0032505925826633586,-0.7345791396142314,0.012991298427500228,-2.236267014393919,0.008302377190450677,1.021904559974396,0.027666159326357197,-0.42242023763159026,0.018717573893375628,-0.9653831821958242,0.016710984849032853,0.969604589763578,0.006981769551118058,0.3987305944765147,0.023164099302466854,0.9003176329356365,0.008521399276281028,1.5830936545390726,0.008331125310906436,-0.43127380749676575,0.025810453488975833,1.6373704648242255,0.008323318993419464,0.42869494518110307,121924170000,-1.8739523038548866,,211.928
2019-11-01,3140.97998046875,0.034047037714499906,0.01361526720081585,0.06323255251262827,0.013237750636316449,-1.858406998086909,0.00843465971449589,1.5101446905154814,0.028093693778703806,0.03137811686867264,0.018340934810773098,-1.9794552726499786,0.016382720782725586,0.5630821861683196,0.00686022598774983,0.3777936673381587,0.023408603575124514,1.4096503333576835,0.008086908553712913,0.6806631523421885,0.00831296025872853,-0.4530366090454843,0.024679922391390153,0.8993497550769051,0.008008750483076617,-0.020351133547847875,114183930000,-2.550842341210077,,212.067
2019-12-01,3230.780029296875,0.02858981890573009,-0.005457218808769815,0.6932420557784633,0.01342585735579439,-1.696676877195116,0.008414184012461011,1.5173031694557007,0.02826202555678772,0.19998206759241305,0.01832384415422486,-2.098274546887077,0.016311643848556007,0.49665503449751297,0.007071466742926449,0.724978679836957,0.02271219945553916,0.3472196462241369,0.008120839087451898,0.7860148650202395,0.008313237605581385,-0.4272881065878651,0.024199697353829645,0.6212411036722785,0.007902512204084023,-0.09269616476267874,118539580000,-2.365092604909569,,212.199
2020-01-01,3225.52001953125,-0.0016280928190489652,-0.030217911724779056,0.2420366968754505,0.013984664338054138,-0.3284559586172507,0.00820337897648529,0.9536232364970155,0.027552189891104344,-0.5984383617921546,0.018339092656677058,-2.1312971414040485,0.01639012618900023,0.632317355100622,0.006304388221678766,-0.04098535248420161,0.022648713491722886,0.34900609892933243,0.0086828984073244,1.9799160170486507,0.007812980160433192,-1.8533536123014254,0.024627182624834144,0.97840482123591,0.007793540758855956,-0.17978058517446946,129982740000,-1.7147373073121708,83590.0,212.36
2020-02-01,2954.219970703125,-0.08411048363840312,-0.08248239081935416,-3.059176451852085,0.014154167942441976,-0.2498305784861759,0.007949250717016715,0.26836101171409465,0.028101017231953927,0.007143083247718272,0.018506976424911895,-1.8231381682474672,0.01642527913137366,0.7100826312967611,0.005831013049270339,-0.4807829360436896,0.02228048607142606,-0.16383827064461443,0.008545731198997396,1.7064320233377641,0.0078036948260751535,-1.8426451167661075,0.024850181624951395,1.1902191941335007,0.008095654972713903,0.46703718416995277,138322910000,-1.308742192821943,,213.179
2020-03-01,2584.590087890625,-0.12511928240892822,-0.0410087987705251,-6.112857597560656,0.01479062069822824,1.3586529524757995,0.007174751193290764,-1.9714308594537302,0.030871212067541613,2.9931920146471382,0.017998990292430506,-2.953763085558311,0.01773570048914271,2.400589677347034,0.0043741245025141024,-2.0335032506455644,0.020723431964786033,-2.604638302586467,0.008791523536007857,2.2159904244367103,0.007671257805119567,-2.1625896190994003,0.02282766931712247,-0.15343048054742678,0.008293457594643583,0.9292366246720573,259505610000,5.760557324415048,,215.154
2020-04-01,2912.429931640625,0.1268440381652789,0.2519633205742071,-3.309318708058466,0.014928712261133563,1.3193672085988566,0.0069695822487849885,-2.4360656866639947,0.03084466180072566,2.8177866292447744,0.01898901523080164,-0.8747575829259483,0.01683440142361928,1.2519820611465131,0.005075925880538972,-1.1453680306557155,0.02001127783930223,-3.4699610173013316,0.008062384072326713,0.7592396779309822,0.007841593906120159,-1.6674093680424957,0.02214497023005432,-0.5457853234629088,0.008055905152501238,0.6111905506000199,202779830000,2.285784561842083,,217.197
2020-05-01,3044.31005859375,0.04528181966555822,-0.08156221849972067,-2.4187259079873664,0.015306940031006872,2.040270322164611,0.006849049969469491,-2.6270042764690045,0.030478960794239125,2.333877219267093,0.019348936943632194,-0.16423410410684497,0.016373269887695524,0.6880621284381386,0.004953155577122857,-1.2196936536477334,0.020175996616221957,-2.9744722108262596,0.008040448804498402,0.7619127082585208,0.008018120562871276,-1.1895922550935643,0.021567292044889712,-0.857406534514765,0.0079590977689231,0.5536469368838028,188310830000,1.3526431036871411,,218.443
2020-06-01,3100.2900390625,0.01838839651392421,-0.02689342315163401,-2.211959806582912,0.016075029414224413,3.776673060529928,0.006690221391600522,-2.903480465221017,0.029197599408699475,0.9840931684864311,0.01958359136320726,0.2697592389745967,0.016041512436068703,0.3010208913791289,0.004810436621490964,-1.3308193959467187,0.0202025394569151,-2.7364025839964574,0.007526380790237619,-0.2386091452680696,0.00804509601624974,-1.1454745001177016,0.021701298383751268,-0.6718160712463901,0.007712105945661901,0.2318134926849845,243743230000,4.119966301506115,,219.769
2020-07-01,3271.1201171875,0.055101321480443666,0.036712924966519456,-1.1138319123902103,0.016101636559085534,3.262177680508516,0.00658471054202453,-3.014048073647979,0.029182668603847533,0.9357605730436332,0.0199110322582186,0.9134167518951508,0.01625641358724419,0.6113537653790597,0.004339989991796102,-1.8156610460104905,0.019991983435767625,-2.850295427928545,0.007689527469215229,0.16326946135734519,0.008167559939323095,-0.824061106310281,0.021416167195631036,-0.7786925834414523,0.007614345940607716,0.18546696905655732,191982410000,1.1741212805418633,,221.526
2020-08-01,3500.31005859375,0.07006466690171775,0.014963345421274088,0.4286134635375201,0.01683509896758588,4.501703136849469,0.0064173234121628455,-3.2476191487183206,0.0279773821131917,-0.3185066754838333,0.020385196240288422,1.8614780409810752,0.015889808084105273,0.1841016222175635,0.004013044978228073,-2.1340799261777113,0.020266578382774406,-2.319326680766453,0.006999391380820756,-1.1790813777832407,0.007965347373488816,-1.3905066084860696,0.02006023897855031,-1.630328774912158,0.0072074875699836855,-0.41141582582738556,161462650000,-0.5860030178396923,,224.005
2020-09-01,3363.0,-0.039227970178423055,-0.10929263708014081,-0.9943712898309773,0.016587626320813124,3.3251104681233614,0.006450758567354065,-2.9767259904920866,0.02848474035793353,0.1834767453825987,0.020822153536648826,2.6680086803558662,0.01626159731490322,0.6941590196971227,0.0035667915695875557,-2.5635955342458625,0.020950163116137472,-1.288258121086841,0.0073639503590166655,-0.3537500667490685,0.008415559059163484,-0.18710852927921584,0.020390422366185094,-1.295777190980954,0.007070976958330139,-0.5173930802547936,174807700000,0.021803216182762666,,226.754
2020-10-01,3269.9599609375,-0.027665786221379718,0.011562183957043337,-2.011141735873217,0.016205884014163018,2.019457403352767,0.006576419709116696,-2.5339366423356564,0.028234282732192525,-0.09426278904893003,0.02083035231118142,2.557014002155896,0.016244214608284638,0.7018815111907062,0.00351762704063371,-2.536727639874358,0.02123556911519069,-0.8312172017044565,0.007956104695352073,0.9242715341248433,0.008592448320695107,0.26357837711722937,0.020358604972346817,-1.2203623133347763,0.007117100171527688,-0.29049666869872465,168226380000,-0.43484480739082737,,229.761
2020-11-01,3621.6298828125,0.10754563544385909,0.1352114216652388,0.48245236266308694,0.016297946818283917,1.9062474798707563,0.006938255197652774,-1.5873896594470733,0.027518832163199138,-0.8503395578376746,0.02068751737539399,2.186642812299205,0.015762284150755458,0.11729716899594454,0.00406517386837143,-1.8799825854510919,0.022246558728224973,0.615749596057265,0.007236517170360969,-0.495063653780254,0.008717116982612337,0.5708402285393271,0.019958799924175197,-1.4000635751550656,0.007196067977833109,-0.004065403451048332,192529810000,0.7782130094004934,,232.261
2020-12-01,3756.070068359375,0.03712145909357001,-0.07042417635028908,1.2382285749905344,0.016585444854140072,2.2504825919814295,0.007111783856151336,-1.1303008197227538,0.027541561874811625,-0.8556520394778404,0.02043134053257413,1.6070349122692014,0.01544903056660303,-0.25536909091686427,0.004095276859956439,-1.8100409823216852,0.021666259719049823,-0.14673511880427395,0.0070207924300333385,-0.8814252414847419,0.008613686753336704,0.2591466413153495,0.019726177038430565,-1.4632280772328354,0.007077878776853587,-0.07733598895351114,209010690000,1.5528304602428642,,234.31
2021-01-01,3714.239990234375,-0.011136660755445171,-0.04825811984901518,0.6072271082106906,0.01663162062124056,2.0414961571916947,0.007062580413634524,-1.2222828756120485,0.028242115552823483,-0.16897621283219602,0.020819500386070895,2.312813349985358,0.014844762000290924,-1.0147385088915872,0.004296563625170547,-1.5770850952606528,0.02097497058045777,-1.0678370392069974,0.00703758210127737,-0.7932893650401053,0.008500116376695555,-0.09821239114707121,0.01986215745697891,-1.277945352226808,0.007292595698716018,0.45720602241445796,245914650000,3.271175579222749,83270.0,236.385
2021-02-01,3811.14990234375,0.026091451377448394,0.037228112132893565,1.0818481564480815,0.01642997256008307,1.3021664767598025,0.007681848004095969,0.30589434814618344,0.02694492062058349,-1.5606896917621622,0.020182400017424204,1.023528232516065,0.014288959589301284,-1.7122900135079528,0.005127646300848085,-0.7017940389762813,0.021849888648451967,0.1917383312191909,0.006440381539601306,-1.9668049765390117,0.00862523477832506,0.218860795148795,0.019826957484303805,-1.21409517504019,0.007070226244789555,0.18002234016239807,242009090000,2.895184961130889,,239.167
2021-03-01,3972.889892578125,0.042438632533165155,0.01634718115571676,2.0427151549117575,0.016050578576468924,0.18394290777946073,0.007800384903923731,0.6011771984089769,0.026888949485333245,-1.6426652067462482,0.020224213091695628,1.1007779832183446,0.014872113631529906,-0.939150534054865,0.0050650343350320415,-0.7975195089278743,0.02284403888611025,1.6165873145064438,0.006830113816284281,-1.1117351098359156,0.008902133229381728,0.9849325588828961,0.020117999681926277,-0.9373745485323779,0.007214934588255841,0.587828126498774,256572620000,3.3616707584715964,,244.166
2021-04-01,4181.169921875,0.05242532134755851,0.009986688814393352,3.248829496903198,0.016042238480020406,-0.07022741852160194,0.007892876355418802,0.8202749582691329,0.026554076804651994,-1.9863695324636053,0.02045733436423717,1.5546070466434578,0.014393999504089438,-1.5368895749341924,0.004845098619957922,-1.074938181828521,0.022473361448556328,1.115230429340239,0.0067614731832553315,-1.2069699270635343,0.008913821569826402,0.9835149539296499,0.02062323821247511,-0.5220082201214898,0.006965793878479548,0.2691336027620772,174715560000,-0.6050521477074231,,249.776
2021-05-01,4204.10986328125,0.00548648867060697,-0.046938832676951536,3.0287798518982254,0.015806236938905,-0.8343097762977438,0.008224333173500123,1.6001251582065,0.02690327694765295,-1.6246659596189408,0.019654323853251394,0.01007049424876687,0.014568517983181683,-1.2739473097128444,0.005093788940834844,-0.848670312661342,0.023050215812582018,1.916960321169332,0.006567349202823873,-1.5482438412035464,0.009315700066271646,2.0901630869346546,0.020717493211685877,-0.386347652903374,0.00699105399559606,0.4773886889685453,177737300000,-0.5073565728462287,,255.399
2021-06-01,4297.5,0.022214009565834747,0.016727520895227777,3.285577376889669,0.016527564030459206,0.6039999960606857,0.0078010687792002984,0.5505644571428195,0.026923681484397725,-1.605532170464113,0.019891872261761926,0.516785775143802,0.01417433920122982,-1.7451115008736986,0.005194077150567872,-0.797032156759145,0.022035303387689064,0.4981340634173116,0.006282757575460615,-2.0496903055825637,0.00863360748379781,0.05942865664436018,0.02072499326802465,-0.31305850924877276,0.006894439732771824,0.4577809746560462,210921180000,1.0225806869671588,,261.114
2021-07-01,4395.259765625,0.02274805482838871,0.0005340452625539616,3.5136280153775252,0.016788140510484263,0.9841547500566414,0.007592215337746231,0.02596179829526168,0.027620707558813583,-0.9279838547922445,0.019654220933596343,0.10575953381432626,0.014164098955762,-1.7177864176395097,0.004656202063502361,-1.4570085724775603,0.021747177787304593,0.08206968888315436,0.006409216140224309,-1.7168628234131342,0.008616954312962784,-0.029974888320193006,0.02121420885004397,0.08834348330879808,0.006864875411070743,0.5536203124278559,172964150000,-0.8193650761510887,,265.44
2021-08-01,4522.68017578125,0.028990416255438634,0.006242361427049925,3.845633680202635,0.016895867321374724,1.0179477494900717,0.007758141569794338,0.40500685274486764,0.027464081718560608,-1.1056806786108149,0.019441358732447542,-0.243671500570248,0.01390941447423894,-1.980664052261336,0.004434316757101713,-1.7573372858928993,0.02136962339819631,-0.46475570721123705,0.006471296174613215,-1.5217637339288794,0.008532657474011463,-0.32523912113734543,0.021016416325207298,0.02172879014650001,0.00680359430993898,0.5940096356973459,168584240000,-1.047143394437113,,268.707
2021-09-01,4307.5400390625,-0.047569168801901096,-0.07655958505733973,2.2652893737738373,0.01670373942312728,0.3874128491304406,0.007995539118984448,0.9507159573393509,0.027244503259636708,-1.3390511347668812,0.019975377591210545,0.8687460782765698,0.013999633487824879,-1.8223040361305516,0.005071620990548233,-1.1429123588903747,0.021072808193005495,-0.9059822346573077,0.006380500753839165,-1.6520880134652742,0.008314807936369751,-1.0539695213056415,0.020824450905491166,-0.047081384132113026,0.00677774896317005,0.6990448295767806,180803960000,-0.48155000765294215,,271.357
2021-10-01,4605.3798828125,0.0691438364006065,0.1167130052025076,3.636962356731514,0.016901013277609893,0.6507292717650989,0.00802244510946882,0.9805690243457145,0.02678770247422077,-1.796554528207545,0.020942832482030507,2.7311344794099424,0.013552659598605486,-2.3037206357325863,0.005233562789140969,-1.053754736987834,0.0210496385081858,-0.9516415443911375,0.006250932349415563,-1.8411343271281753,0.008367896471549811,-0.9308712171994643,0.02089490627628735,0.06672752723576693,0.006212434833613201,-0.23664614722929778,179745620000,-0.5495403585089713,,273.566
2021-11-01,4567.0,-0.008333706184746159,-0.07747754258535267,3.0982109249516023,0.01780166108106559,2.4475480670219008,0.007627702265723362,-0.021019837119959136,0.026187209297850067,-2.3500740269087452,0.021464249903455666,3.5674777372030464,0.013482412259323425,-2.3141820570509477,0.005013070587833105,-1.3836739052185907,0.020470833240673583,-1.7601684468229897,0.006196064423856992,-1.8818126502736754,0.008391624836580274,-0.8934102325159147,0.020562157109918128,-0.09943816387483181,0.0060518806445825695,-0.39371731429973833,197583700000,0.2813898095475667,,275.934
2021-12-01,4766.18017578125,0.04361291346206486,0.05194661964681102,3.7604281137520736,0.01761164740593232,1.8114632472843637,0.007554832783568144,-0.23493411630246783,0.02735616570590086,-1.2400219017975587,0.02059805187141621,2.0571395432133963,0.014269618705792164,-1.349968973451463,0.00494688304497724,-1.5420440449166573,0.020674112426656854,-1.48142976129818,0.006512393308407617,-1.2091780822201605,0.008650697211298233,-0.15442762568746385,0.021568549083984787,0.6524793858948569,0.006229903484220127,0.09636603288496194,197014640000,0.22503985007808325,,278.507
2022-01-01,4515.5498046875,-0.052585165027393854,-0.09619807848945872,2.2693849503096137,0.01731688553475047,0.9882076633886951,0.007976196058249672,0.783478511936426,0.026894784809889785,-1.6820498152713887,0.019668642635809464,0.5197582781765104,0.014838968988021643,-0.6677344228929988,0.006201768498307606,-0.29363357617171454,0.020776000162632466,-1.3529459919140576,0.00665010643086509,-0.8956668210075495,0.008510094877769374,-0.6097792578210373,0.020891745020948663,0.2588878620291962,0.006180066654170063,0.14291801505113833,195669710000,0.13729150322257178,81460.0,281.882
2022-02-01,4373.93994140625,-0.031360491945908286,0.021224673081485568,1.4080635715579939,0.017005564350469293,0.15057501826107994,0.008120592054168482,1.1045222014035045,0.02749681835576455,-1.1376081969361322,0.019479821087229954,0.29140392932222653,0.015103622973267295,-0.3545078113596286,0.006855163982115533,0.2975830238008695,0.021267663599070712,-0.7062464774657048,0.006734545854386147,-0.6979103250599729,0.00867430200582083,-0.14148816106670084,0.02057856666498099,0.10921042975051533,0.006206878938663598,0.3384300296089582,182211010000,-0.525431544587874,,287.098
2022-03-01,4530.41015625,0.03577328837154625,0.06713378031745454,2.0129501631189153,0.016967422841302482,-0.08398331207851122,0.007829934872088362,0.3551389428962574,0.02807046402997107,-0.6252175286411275,0.019639555701595555,0.6770372732157179,0.014841729151308217,-0.664429498398101,0.00723646886869118,0.5794152583842564,0.021238725685148542,-0.7862223780092935,0.00717459132376906,0.19919496305218537,0.008887150285397724,0.4702266203594421,0.021231676291295368,0.6221802804433166,0.005984322390572391,0.044625309068690625,254627590000,2.8235860664599457,,294.891
2022-04-01,4131.93017578125,-0.08795671180434306,-0.12373000017588931,-0.057065906942999955,0.01655409205096126,-1.1330743112432002,0.007731470934159738,0.08581270592669514,0.029272262077927082,0.47378392526753305,0.018958861712915318,-0.3918853756687923,0.016648312603482335,1.454689873848904,0.007800447310171253,1.0523111948359218,0.02151410212163679,-0.4571923436031734,0.007528432733837434,0.9182502316443855,0.00939933101561262,1.9644616841983145,0.022317700328980915,1.4234699473693724,0.005703122793494547,-0.37328802173476666,186948850000,-0.33888316512928,,301.508
2022-05-01,4132.14990234375,5.317770464463578e-05,0.0880098895089877,-0.1796136464827193,0.016439676041515635,-1.5125679572073656,0.007946123111302225,0.590076667781954,0.029706543806704358,0.8530162670778063,0.017987146199479286,-1.922790655664389,0.015967721313542352,0.6577326019162276,0.009050736092435898,2.2213852172838924,0.021413465701554467,-0.6470860920914854,0.007852349769746875,1.577129771697854,0.009509368482754146,2.2150693290950216,0.0213249110679725,0.8257236678301065,0.005999154995815137,0.36527624416245735,220326070000,1.190129038788209,,306.269
2022-06-01,3785.3798828125,-0.08391999993382682,-0.08397317763847145,-1.9572078706593823,0.016284671826019566,-1.9580625616591778,0.007731972616781671,0.029686908678059398,0.031582160780490524,2.512138782676285,0.017507753669868318,-2.537092368789611,0.01702134543973021,1.8730878467881968,0.008193020946550113,1.1685931017511735,0.021653059906935324,-0.3774948053708306,0.008152064682259484,2.1600571690884682,0.00894214575235364,0.5087985117608069,0.0216742971229254,1.1463503907083163,0.006055705876607136,0.6249638401495395,219992600000,1.1483673010514968,,308.065
2022-07-01,4130.2900390625,0.09111639173021002,0.17503639166403684,-0.41641660790895285,0.016932440466972162,-0.7118220829177325,0.007595515306837798,-0.3365645248498969,0.0298837600578283,0.942243240133458,0.01900441265013594,0.08305093947081708,0.016099191759171537,0.8098282313629802,0.008234420222692631,1.0816143549725303,0.02173074511510688,-0.3358968472390801,0.007878268890251304,1.644608690702704,0.008699827711183362,-0.22697680105452386,0.021624430595280627,1.2019316929513972,0.005640559288372369,-0.051874920117623645,175982040000,-0.8821536512520666,,306.9
2022-08-01,3955.0,-0.04244012827299837,-0.1335565200032084,-1.3714403670420074,0.01658431293087271,-1.5909376160473763,0.00777685645256573,0.09527726260872314,0.02940739994555448,0.5042843660095269,0.018954504425396056,0.11535825221077986,0.016501246089428927,1.2780015527364,0.008827465071840925,1.5702729958315693,0.02205083680665297,0.035073321309562595,0.008270833706283088,2.369175385211223,0.008769119011918755,-0.02431230408837425,0.02125896352582273,1.0395700439107374,0.00570835012250242,0.23842524156797254,202620030000,0.3238504266204404,,303.477
2022-09-01,3585.6201171875,-0.09339567201327437,-0.050955543740276,-3.113150938288737,0.016103664369803972,-2.680145270497528,0.007921276137593877,0.43469559245417866,0.031613394261474664,2.4398619788706353,0.0191914219157469,0.6251706879997915,0.01672088947823541,1.5264850242321193,0.008806127525243929,1.4204607019833713,0.021785388736067328,-0.40816594455539856,0.008093719572810774,2.0129523507105938,0.008772661340702812,-0.006775746877532814,0.020467821226007203,0.582610103004693,0.005335875209373106,-0.35083252163749473,193129550000,-0.1277552859767314,,300.305
2022-10-01,3871.97998046875,0.0798634138370089,0.17325908585028327,-1.8930885890149411,0.016053924137889725,-2.8211105664249625,0.008210091636753191,1.1330005000492749,0.03208905448929136,2.7658735979256712,0.017969196790845687,-1.2926351912431475,0.016878845849493337,1.7015057013876427,0.010190736637613867,2.6598240790132994,0.022977264050296254,1.1756856653732457,0.007640436264118393,1.1891148482217275,0.00884892964085543,0.23886942990604587,0.01955236148321241,0.050164469154141564,0.0054500473450515554,0.03624050231451787,194116140000,-0.09757530464723375,,298.513
2022-11-01,4080.110107421875,0.053752893352493114,-0.026110520484515787,-1.0824036048150978,0.016198876732117527,-2.590006163816874,0.0083255325502774,1.3848154598350957,0.03189045729715738,2.532609851103141,0.017305941190264726,-2.2146781753429714,0.016997759367132773,1.8341134000659227,0.009794468311671325,2.1135588147268574,0.023508449116991723,1.8123173854995145,0.007755566712288217,1.419387617663404,0.009380347350675985,1.840411551892966,0.019699342950339486,0.25031953076011143,0.005338224633052482,-0.04366742765037175,194244280000,-0.10857569240600283,,296.693
2022-12-01,3839.5,-0.05897147407473047,-0.11272436742722358,-2.2519799489422594,0.01580069664012394,-3.3316502676077997,0.008385401061463285,1.4986665201806213,0.033252617207211836,3.486200348526757,0.016294867595916522,-3.5219312642253247,0.017570281994344357,2.4298485637143368,0.010090920962087654,2.2594293002901127,0.024234744406162505,2.648109167690666,0.008200840056447067,2.2203782285161253,0.009418065791049961,1.9521201463881384,0.01994294122973369,0.5243340052859752,0.005391322226710021,0.2111564961049709,185256760000,-0.5416544525617432,,294.187
2023-01-01,4076.60009765625,0.0617528578346791,0.12072433190940957,-1.3403146024992225,0.01625937798281134,-2.5421527472374215,0.008442681123461275,1.6034334139983162,0.030744559642572288,1.5196489572109813,0.017668936942058195,-1.2732119131692523,0.016368569314771316,1.1434335068637527,0.009771309475214452,1.842340280129471,0.023671203773872822,1.7950338448992529,0.007569390488834606,1.1010219067367015,0.009666207390826334,2.633250132333373,0.02065709892779592,1.1204426817276687,0.005505617888789115,0.5793751971999934,187496730000,-0.45505753109214864,84730.0,292.683
2023-02-01,3970.14990234375,-0.02611249393181858,-0.08786535176649768,-1.9238954997198219,0.016764100541184598,-1.7484789634534994,0.008469874353497603,1.632561061767015,0.03010360856966422,1.0590731059716239,0.017757137323116956,-1.0231359677801883,0.016417696830485606,1.2331651462770017,0.009337118315611362,1.3485864725273553,0.024095885162062052,2.2348974342059695,0.007312238638726965,0.6767976140849479,0.009594732294538824,2.403723756085057,0.019946421842221746,0.7338311588574804,0.0053185071430574375,0.3220158742981407,180036380000,-0.8178504904783883,,293.481
2023-03-01,4109.31005859375,0.03505161257710898,0.06116410650892756,-1.4675735840393769,0.01795499612517641,0.2201122431733448,0.007401753827769616,-0.9414013426365851,0.029723374757467055,0.8203325778306896,0.01768109572073798,-1.0272768717902712,0.016530970977202943,1.3969425918566314,0.009021403224112262,0.986621014636169,0.023424020068282925,1.293038736357562,0.007411204447206687,0.8981241182873905,0.009177014233946425,1.2807559828492332,0.0188976704657999,0.11400439258948677,0.005239938440091793,0.2800105859054277,233418310000,1.5717596861372904,,297.403
2023-04-01,4169.47998046875,0.014642341662481018,-0.020409270914627964,-1.3656425190436514,0.017674794577177088,-0.4409300913148356,0.0075263798630007045,-0.6390306660843964,0.030215394605634438,1.2616340957958134,0.017230170468884583,-1.58607234612559,0.016887756401585883,1.8152296148015052,0.009138103371902994,1.0376807474810974,0.022816745729494752,0.453852886492762,0.007443451541849575,1.008339036601515,0.0090322455863297,0.938019710750616,0.018796065698414178,0.16627483748544192,0.005026068702245379,-0.030185950956742667,161370780000,-1.7024922801049256,,301.513
2023-05-01,4179.830078125,0.002482347368192972,-0.012159994294288046,-1.4809224069563252,0.01920324205938302,2.0749052198618623,0.007188601889982257,-1.4324448758879365,0.028853971555526377,0.2899535252382264,0.017623411312955212,-0.8900175176170119,0.01580829544132373,0.7260614264072274,0.008201037235353655,0.11838153631211763,0.022043301063795488,-0.5871085588873324,0.006989078723891662,0.235542266148958,0.008391324443138155,-0.75996981886736,0.017994558114956826,-0.2920038129910655,0.0047667246266248865,-0.44556691020208156,186480360000,-0.6056689876927112,,305.374
2023-06-01,4450.3798828125,0.06472746490423464,0.06224511753604167,-0.5350700879426273,0.019127570334475923,1.7420741088140377,0.0071982755913239495,-1.391521087723306,0.02825449423153176,-0.08012750859409191,0.01857631563009566,0.6293775030393487,0.01526124094809322,0.2180827308659256,0.008234974660366292,0.11884719106846518,0.0230331028897419,0.6335873944328225,0.006668968095656116,-0.28719938077437307,0.008748572516413079,0.3133934583596753,0.017870415156141208,-0.2672610867202932,0.004643910903739125,-0.579995409538022,195633440000,-0.23673091549151895,,308.326
2023-07-01,4588.9599609375,0.031138932355010862,-0.03358853254922378,-0.15555430794381347,0.019029003191039978,1.38613493533818,0.00731638136572042,-1.0994209091532203,0.027694388493954687,-0.40632844539955637,0.018432279247386996,0.5008456459423348,0.015115656578553956,0.14143994814434022,0.008607130235981609,0.44209680493708703,0.022982769820571833,0.5195163238903558,0.006628670404221451,-0.3047321024766385,0.008776166275101908,0.48050679445188976,0.017633149308537068,-0.32942723873821206,0.0045688821630814015,-0.6158041847708097,172046640000,-1.3266486647117248,,310.243
2023-08-01,4507.66015625,-0.017716390070854016,-0.04885532242586488,-0.7049293239880889,0.019080029026110935,1.2934467919291635,0.007248056571560911,-1.2497306089632951,0.027996327364507988,-0.06289301187771881,0.018437468112548865,0.5926779070081704,0.014780876205954967,-0.13131280358072311,0.008906604316296219,0.7036811345449087,0.02293323651915013,0.4105526915073007,0.006334698587896385,-0.7761107104550343,0.00863948513532953,0.19875419278035053,0.017398678537987853,-0.3958246374652608,0.004742569069573192,-0.1505312599349834,197595660000,-0.24815959747403246,,311.603
2023-09-01,4288.0498046875,-0.048719367465624885,-0.03100297739477087,-1.807560985643125,0.0187578282229889,0.5743831847950409,0.007383963594660215,-0.9222427590280383,0.028559255182177577,0.48416666787646956,0.018309533552207113,0.48865305873448384,0.014793935863271906,-0.033325537732058666,0.009587766360989606,1.3156417816840615,0.02267393422581789,0.043285709197958835,0.0062833904010635025,-0.812130246475022,0.008647924121371553,0.3369788212033466,0.01693711785148269,-0.6227147994659161,0.004668420863771797,-0.20245173071314698,168210630000,-1.5949188372377707,,312.457
2023-10-01,4193.7998046875,-0.02197968873798295,0.026739678727641936,-2.348639802420671,0.019188746783349024,1.1376919174269189,0.007365540583650855,-0.9626036579426729,0.02824843399656906,0.3629536879404954,0.017688325804043403,-0.35768879496155015,0.014917573646200643,0.1871962354771145,0.009239273068606441,0.9790635181067688,0.022492890753090442,-0.2201313665042671,0.006507456966705407,-0.35945828065684854,0.008561975529584574,0.21632905943376962,0.016694990887659446,-0.693039985971746,0.00463887875306995,-0.1663925431754912,181338000000,-1.0677765254917146,,312.805
2023-11-01,4567.7998046875,0.08917926878197013,0.11115895751995308,-1.059049218360137,0.019889507361632794,2.1164575358440283,0.007502246627793443,-0.6408932806537841,0.027345381004877253,-0.2028119800699609,0.018021007129026278,0.23120237389753287,0.014261281162164583,-0.41434527367202517,0.008422044855002548,0.22161730034216073,0.02247573993404921,-0.2697249334259704,0.006281933455348421,-0.7215997254253641,0.008517229397700915,0.21622515459396058,0.01721225586470938,-0.2320233202791887,0.0044545227703446785,-0.4666533163680218,176855150000,-1.3247070523453706,,312.044
2023-12-01,4769.830078125,0.04422923115636013,-0.044950037625610006,-0.4826571643238912,0.01984374801660666,1.8421864736212525,0.0075619470363343325,-0.5037879410153482,0.027320024456903395,-0.08877495928795096,0.018315986511185007,0.7578087851161819,0.014027565405402528,-0.5650181111074352,0.008071545566043569,-0.09326885408146596,0.023044536995122746,0.4396131075976548,0.006127679733952992,-0.9588716899305155,0.008525420339911136,0.3765440063283999,0.01796260499956391,0.42592296557463033,0.004509175183997481,-0.2755844650111749,201892350000,-0.3142067841716601,,310.865
2024-01-01,4845.64990234375,0.015895707598991615,-0.028333523557368512,-0.4244349031819696,0.020060956937152978,1.9972634998206968,0.007673269234819286,-0.24798885778921512,0.02768130149252949,0.333427919486604,0.01723384633104092,-0.8025236187869583,0.013978691989361833,-0.5205615341527456,0.007904500991596945,-0.23375508267979503,0.022465057430598543,-0.33664001590804205,0.0058527415053228615,-1.3934703020678254,0.00806533051778783,-0.7726675186519436,0.016780152689101484,-0.37805543863992774,0.004580984162361316,-0.057652905921203486,193089140000,-0.7763648524283879,85210.0,310.737
2024-02-01,5096.27001953125,0.05172064062372317,0.03582493302473155,0.3220181940943761,0.01997178938314739,1.6683602631180854,0.00759332821085159,-0.4446593648902016,0.027152480688953633,0.07623072795082583,0.01767964008603489,-0.048969022464518765,0.013570136852828082,-0.8546434946625057,0.0077617700589269435,-0.3446106288981228,0.022894810966794514,0.19737252202091637,0.005623784077274462,-1.7323726291134343,0.008167757047390568,-0.32643705794611666,0.016295201408218194,-0.6480797767694702,0.00407199976962126,-1.0516091689990728,188830760000,-1.0448946362198908,,312.657
2024-03-01,5254.35009765625,0.031018779915342964,-0.020701860708380204,0.6855321337789688,0.019523844361103694,0.7911301915370084,0.0077188043837653495,-0.15532869686263628,0.0269617702603005,0.08128871905053939,0.017136633159893833,-0.7978640928187728,0.013598920871833411,-0.7185071519167999,0.008317695181466547,0.19463792523557408,0.023187709154031504,0.5528684462419511,0.005814047632964836,-1.3298403950835005,0.008434448794009874,0.5837549754753194,0.016097953191036185,-0.6978179525973438,0.003979618133909505,-1.1769291660039807,192686930000,-0.9659465403860373,,316.84
2024-04-01,5035.68994140625,-0.04161507173789869,-0.07263385165324165,-0.4561797093382708,0.01919784909580472,0.11703440213959006,0.007717433496915038,-0.1690754897180938,0.02672331181343948,0.05103000139016342,0.01707659834687809,-0.8214247130605687,0.014029605376389023,-0.15260729839561593,0.00859705034052345,0.48749446060686485,0.02334172444677848,0.728416194527971,0.006167229077760668,-0.6529338271102486,0.008397086081498539,0.6400207934028462,0.015433024675526538,-1.1027034290966107,0.003889825944432965,-1.305837982339013,189282460000,-1.2031569152756767,,320.777
2024-05-01,5277.509765625,0.0480211901511991,0.08963626188909779,0.23347758733721666,0.019614562400424116,0.6276905075889645,0.007597354363621056,-0.46167858912902887,0.026111178959951298,-0.262779041737774,0.016326609532546162,-1.859914066562748,0.013713005709017297,-0.38212538573621696,0.008175057843063781,0.13160668391711475,0.022636918863118666,-0.22004581207114005,0.006411913450631642,-0.1801365545111937,0.008274489161841689,0.4640385139081347,0.015451466471724613,-0.9721634372844782,0.003911681641792356,-1.2152552935617025,226889540000,0.29363826067841636,,323.721
2024-06-01,5460.47998046875,0.03466980128308328,-0.013351388868115821,0.6778062325366776,0.02044269842484121,1.7617334349426967,0.007278026154372912,-1.210507266643509,0.025696548879318663,-0.4197332236754572,0.01639131090471367,-1.6771173855950738,0.013222348776448813,-0.7971526565942,0.00778939097454785,-0.18637684812898456,0.021662054930746612,-1.5078368514099911,0.005853581675811895,-1.1157391005174735,0.007752643858619056,-0.8396028575502535,0.015213927749490458,-1.0446524882481452,0.0038087811759399013,-1.3837754776512154,183797680000,-1.6503821950036175,,325.281
2024-07-01,5522.2998046875,0.011321316887868749,-0.02334848439521453,0.6301987713527875,0.01954997084353478,0.1989576373869619,0.007656947964662099,-0.3277400296881583,0.02608529912897547,0.04943158411220783,0.016660107014616694,-1.2101301954070185,0.01329115510222668,-0.6192712305728026,0.007876262498154235,-0.055504004723956675,0.02247234142331297,-0.47601089342652336,0.006183041951047201,-0.5006459777080026,0.007998324111136754,0.04129424849959847,0.016190659464422923,-0.1734783065120249,0.003998493380001362,-0.9764192966318177,199166020000,-1.109554018609634,,325.588
2024-08-01,5648.39990234375,0.022834706936630367,0.011513390048761618,0.833496561152927,0.019247175465293122,-0.4303633602339827,0.007828303398760521,0.06546560676582207,0.02679317680883595,0.7635811875250574,0.01625602701107191,-1.722269163272871,0.013772259505876724,0.004442622313549908,0.007540980725321218,-0.33351813729104185,0.02258925392224689,-0.35258779731317635,0.0063356710351114886,-0.19985586035455863,0.008001379655621843,0.23325464447581792,0.016684111367701877,0.3153828636413402,0.0039956844051650415,-0.9716325094676865,202336610000,-1.1009651805442435,,325.026
2024-09-01,5762.47998046875,0.020196884090601275,-0.002637822846029092,0.9787360575446818,0.01936581800336718,-0.39758192738137665,0.007630439837440121,-0.4011952053675261,0.02582745900350962,0.18611228998406962,0.017097717238036093,-0.4387013085476494,0.01365194235143001,-0.015846273381051917,0.007168602682069377,-0.6522221248925464,0.0228864757401967,0.0037127059267025183,0.006620301844230919,0.32866567297439564,0.008053457306996473,0.5695345627047413,0.016854751456989708,0.5457500089578499,0.004217352634300265,-0.5327350932438076,189953510000,-1.7239232193724303,,324.646
2024-10-01,5705.4501953125,-0.009896743303151712,-0.030093627393752986,0.44832701460422625,0.019254423785011625,-0.7294601142573724,0.007903970626444937,0.236598612830128,0.024874656197533162,-0.37095388291206244,0.016968698474560288,-0.5782054047588499,0.013309964347155723,-0.27323281909465225,0.007305403262599615,-0.4731400333139139,0.022840463074900456,-0.08519697574176953,0.006614463991649979,0.34822609918172576,0.007881617127717278,0.24827789294702488,0.016428324556375218,0.3106649056265135,0.004313468392638207,-0.35671454679060854,214785620000,-0.8141252300958179,,323.967
2024-11-01,6032.3798828125,0.057301295482098835,0.06719803878525055,1.4208679964688622,0.019152436853231997,-1.043404254164072,0.00825726746139041,1.0525783465463607,0.02361305734984557,-1.153743739643274,0.018120310039068135,1.165951274574291,0.013075696928619427,-0.40652973425502165,0.007450759583858723,-0.29919198802125946,0.023242617416879642,0.4086228501976345,0.006492417092118591,0.16166017388204598,0.007565417154080753,-0.4857015094301115,0.01617017899577427,0.20950503494732534,0.004424189965646818,-0.16376170754991518,230616990000,-0.29660480052940236,,323.688
2024-12-01,5881.6298828125,-0.02499013704848363,-0.08229143253058246,0.5161511380159389,0.019573652100795827,-0.5525975762208324,0.008006384687393167,0.46860725430956096,0.02270397225853338,-1.6444185307593029,0.01879167556343083,2.1537474456831736,0.012764059038926983,-0.6220500136148667,0.0069096823072749185,-0.798582046272621,0.021923361626980456,-1.3259266263324343,0.006127840674187656,-0.44467129348729617,0.006924185165709773,-2.1063897146268524,0.015209894348780938,-0.4415864537928323,0.004407445983497014,-0.24197386366515916,245199340000,0.17064236583618578,,323.305
2025-01-01,6040.52978515625,0.0270163042404441,0.05200644128892773,0.8207788507397502,0.018918593568186256,-1.7231306391173433,0.008302262275781151,1.148259551476215,0.023601189838659026,-0.7686087186729154,0.018935125420287195,2.345971618279787,0.012486789927334117,-0.792971722709393,0.0068834311308984195,-0.7889893542598799,0.022414309205274752,-0.7112509607977988,0.006139281807541101,-0.38323729244680893,0.007114639609918515,-1.3648164649563506,0.015089879015488233,-0.4165311810690642,0.004392274642399708,-0.3230644885583395,250248230000,0.23359663109390807,87460.0,323.66
2025-02-01,5954.5,-0.014242092699825126,-0.041258396940269226,0.16905268687415706,0.018752892878826543,-2.1052009605306807,0.008538391820548994,1.6710114552568904,0.024277990336221557,-0.06805173095588883,0.01786755638625462,0.8879311105727173,0.013324775666971933,0.2354638196836226,0.007250597559241566,-0.3941717711391092,0.022406157563180946,-0.7457591198199172,0.006335139404727386,-0.009209753942053745,0.0072149926503606125,-0.8931262631109581,0.015887474491210037,0.32938959270927926,0.004608260963613555,0.06269967139342701,242364820000,-0.2478031663503054,,
2025-03-01,5611.85009765625,-0.05754469768137538,-0.04330260498155025,-1.4718454744215204,0.018249165812456187,-2.922538182604974,0.008679653743921663,1.9593131392063892,0.02535300297074698,0.9354634300750365,0.017382167733004997,0.2683409028751811,0.013972032296160408,1.045935898477864,0.007962051411159195,0.33831218528046814,0.02292717680542943,-0.10491984321116776,0.006738044006131,0.7266555774425023,0.007451102839676678,-0.05212600823542332,0.01646336669300428,0.8957263019933228,0.00474528999282089,0.2810109279790689,270187920000,0.7626352464334065,,
2025-04-01,5569.06005859375,-0.007624943346289825,0.04991975433508555,-1.9120778228410094,0.018700208771081507,-2.3741325702617715,0.008561969304546472,1.6744155603773547,0.02457844933139332,0.5165322042666756,0.017497983143562695,0.4949675908638975,0.014106969615801589,1.2927113756669206,0.0069113945182713325,-0.6645128541263282,0.023129775957690345,0.11833619546933355,0.006794121070349355,0.843015886229808,0.00732584056964947,-0.22633271433854443,0.016232943438807903,0.805574240617915,0.0047049361773575495,0.1338694227508801,315347760000,2.418603607281197,,
2025-05-01,5911.68994140625,0.06152382614078289,0.06914876948707271,-0.9029853594564659,0.01937323859117524,-1.5765597004101861,0.008429652565167945,1.3763705928244196,0.0218632979701814,-1.3726762682107059,0.017865985041390035,1.0702045942282992,0.013451760359857047,0.6996301762029907,0.006594130067536176,-0.9410580508524133,0.023715409979944892,0.8283337021209657,0.006645329190433976,0.5992677936968618,0.00710279939334976,-0.6769200523932968,0.015430851924496461,0.2619221095492314,0.004606576619224142,-0.1424294793675481,301378040000,1.6650873758320253,,
2025-06-01,6204.9501953125,0.049606839467715824,-0.011916986673067065,-0.10009175830516995,0.020275290388029717,-0.4992240251736091,0.008281747802008509,1.060978831823062,0.02126867749791505,-1.6298379236889682,0.017339425395770672,0.40656381520693446,0.012614149937620684,-0.08393453936685914,0.006588386712686396,-0.9115037357331247,0.02340915236055386,0.3870857909886327,0.006354980696603911,0.10471320556770876,0.0069173779442494015,-1.019607886365816,0.014814462849328495,-0.1369793690743613,0.004686459295509555,-0.058398238283085636,291437180000,1.1050855027333069,,
2025-07-01,6339.39013671875,0.0216665625306407,-0.027940276937075126,0.09074261068839747,0.02059059977027007,-0.25848319252821567,0.008106116129997287,0.6984446589403686,0.020144251695149783,-2.2703575498089004,0.01729188220375595,0.42403735638183226,0.012165183222058942,-0.4405461263165228,0.006631155125971351,-0.8512182872476929,0.023610094349018042,0.599265492765697,0.006525659573339775,0.43229326274131813,0.006764513886005861,-1.2896118309346782,0.014517122191275085,-0.27498957787564937,0.004597855257049738,-0.33314636240989487,323941840000,2.2050688155655487,,
2025-08-01,6460.259765625,0.019066444295036122,-0.002600118235604576,0.22120797721713,0.020183056346902168,-1.031151152682953,0.00820051469463393,0.9293513601683011,0.0208282457001989,-1.5550249469439408,0.017758420065904737,1.155294215272008,0.012087207776178456,-0.3963057009000203,0.006744359808336908,-0.71895659122112,0.023168356176569913,-0.023918330663008074,0.0063026574753306955,0.06202672949605742,0.006982219057591592,-0.5198966897831131,0.014659903865369191,-0.057734955612880695,0.0047718089779218075,-0.05635217438649665,275661060000,0.1720635146259807,,
2025-09-01,6688.4599609375,0.035323687218701494,0.01625724292366537,0.7531006444522673,0.020963091801366712,-0.1526810180761329,0.007929136271947237,0.3671904960164652,0.02046549283302353,-1.6321509667453133,0.017768541329420733,1.253767793931076,0.011404226227820977,-0.9917476095983099,0.006493523951840733,-0.9531335141562715,0.02279850116068327,-0.5541988249677522,0.006338651505814805,0.1615543231789493,0.006580679341370828,-1.5304963789706432,0.014167582435231625,-0.34580132571964367,0.00474041524668699,-0.21684400782749375,306993660000,1.2543805946147177,,
2025-10-01,6840.2001953125,0.0226868719049238,-0.012636815313777694,0.9891270053806089,0.021866726141484633,0.8831387740465105,0.007537351820079336,-0.4515106849881156,0.02074195876428484,-1.2429128368661988,0.017395396031617428,0.8280695920252016,0.010853853498853929,-1.433758026660447,0.0062634793178967686,-1.158819572711577,0.02241272272718512,-1.1006579146183513,0.0063323604727195115,0.17824877231067182,0.006151087906434059,-2.5427496840686623,0.013507960750189346,-0.7681558315652401,0.004740146300735327,-0.3103138680476843,373319910000,3.498509553398435,,
2025-11-01,6849.08984375,0.0012996181666717899,-0.02138725373825201,0.6827726737200467,0.020788117501213378,-0.8408524611360797,0.0076655583853095215,-0.12738283973369574,0.022639343688457693,0.3345132128883092,0.01712156369181409,0.544083974950574,0.011278870880996392,-0.8491433123543526,0.00642001953420191,-0.9837766309360843,0.02218586350575778,-1.4262645040390396,0.006432737252811306,0.38419815572918253,0.006410569524057143,-1.6366929661252936,0.013809661238562719,-0.41673966102245735,0.004702424076255855,-0.4856706039402225,277247220000,-0.18796244679896928,,
2025-12-01,6845.5,-0.0005241344225139777,-0.0018237525891857675,0.33061286999964157,0.020955746172639643,-0.8292826207536975,0.00790419873549743,0.4349438708914953,0.022336442008550325,0.2712786534397003,0.01733580437372464,0.9411816448254549,0.011133108291586969,-0.8662372302702214,0.006404372113502084,-0.9968389279151115,0.022480769133377994,-1.0790650290301558,0.006108705909176763,-0.1661979895191151,0.006540788986677494,-1.129217879978137,0.01351019268831372,-0.5459175413550548,0.004895421535867256,-0.18184939244192366,268709280000,-0.6177064930866218,,
2026-01-01,6939.02978515625,0.013662958900920286,0.014187093323434263,0.3432386689400334,0.020660366682234272,-1.4496358586789342,0.007608306547408993,-0.1738420905632643,0.022026832765550782,0.19515977814285088,0.017354208756613566,1.0613018677400685,0.011807342788924712,-0.012326530535125156,0.007213965628215569,-0.1861933094366856,0.02365322270574767,0.41455236986684957,0.006105420680567833,-0.1260142946576605,0.007010384591608565,0.3284361673100367,0.013657426188327137,-0.31489924266802555,0.005107236501656835,0.16218013163975584,284943270000,-0.1286625184708034,,
2026-02-01,6878.8798828125,-0.008668344740704326,-0.02233130364162461,-0.22735333037678018,0.02009938806906273,-2.3810584377083623,0.007386167002272723,-0.6247458930004419,0.02300344874618344,1.0749955361665666,0.01688327094489147,0.5060116169739952,0.012837649248158674,1.2382269505112686,0.007971251074322687,0.5755473463672957,0.025547443182987784,2.772620670589072,0.006796759642072734,1.164744865773712,0.007665895280262999,2.329387653219654,0.014502850521999445,0.4747175538388834,0.005712351870705637,1.3396512836717156,279952120000,-0.4234469074111349,,
2026-03-01,6528.52001953125,-0.050932690968577,-0.04226434622787267,-1.8622242922530392,0.02030888929800128,-2.2647920977643987,0.007509229429705553,-0.31376345774700853,0.02227300273686467,0.6686904278284912,0.016623101946619583,0.2502642036829316,0.012389201220396474,0.8904362998737112,0.009261208136938818,1.8533617070142614,0.024645803187471678,1.5488531340733098,0.006933576227922422,1.4498323451424697,0.00759066392434218,2.199750701281194,0.014307290683852678,0.43092005299792935,0.005976407724326159,1.7683104428698344,330133970000,1.3141950995762486,,
2026-04-01,7209.009765625,0.10423338582985764,0.15516607679843464,0.3564664465581254,0.022072982149480374,-0.18071583126087684,0.007180573420833251,-0.9946997073961538,0.02008525928383346,-0.8100008056825705,0.01634830033448812,-0.023897349660777698,0.011538612291192147,0.09864980472325055,0.0081665805777777,0.7535954458386819,0.024092731707393067,0.8022110794953509,0.006410441642307952,0.5501326994964508,0.007080496092807043,0.9010237830369555,0.014062527727821603,0.34211172460973566,0.0058100676308238414,1.3151196298429355,292215020000,-0.20196644967135702,,
2026-05-01,7580.06005859375,0.05147035515724263,-0.05276303067261501,1.3913281850365546,0.025140976807919473,3.4081016965292945,0.006757027929176332,-1.8584433513178917,0.01955740940634811,-1.0398766254807197,0.015879100104786388,-0.5702225862818182,0.010791564225578225,-0.5825148223231639,0.0073293256166289495,-0.07864596278080274,0.022723061678902482,-0.9639090011739668,0.005780426364066959,-0.5371284166181498,0.006692033652263923,-0.04486168448718201,0.013217778016798932,-0.2334325833420002,0.005838532097119788,1.2702506577688129,301864600000,0.04132412345358639,,
2026-06-01,7499.35986328125,-0.010646379407113993,-0.062116734564356624,0.7468953000747528,0.025375222862446138,3.282414395464587,0.0071233995378772235,-1.0087124893734596,0.021075812118469227,0.24164681948325356,0.015604300194502279,-0.838876127553685,0.01100457084911349,-0.20208344798829728,0.00704009113749878,-0.3559495021307006,0.024633236518429406,1.3953352186150692,0.006001719226328498,-0.07626776094397342,0.006746862883283853,0.25244553873100034,0.01353415585308095,0.1562503223825939,0.005618124779400117,0.7456147530528129,367767780000,2.302516420012132,,
2026-07-01,7489.72021484375,-0.0012853961689047733,0.00936098323820922,0.3741699261629664,0.023384800713503996,0.6849043417524285,0.007575608636955327,0.03290092042525986,0.02162033596569569,0.7962936708588821,0.015465848348325345,-0.9111415247898395,0.011281369452870527,0.2532394820881087,0.00790391659952277,0.5119857023267862,0.023947217090586465,0.491654836174999,0.005878227006065019,-0.24798466475505662,0.006702384683740024,0.27306607821677215,0.013927969802946708,0.6328985157129878,0.005469797221901869,0.3558470562988563,291702820000,-0.5610702832909433,,
2026-08-01,7686.14013671875,0.026225268266459212,0.027510664435363985,0.7628445288733833,0.024236171175477876,1.454777949768108,0.007481840366992002,-0.1328573352481913,0.02210339624355553,1.2860192862337017,0.015135526585781338,-1.2469320923300664,0.010984025454833062,0.05939761036956487,0.00827230110969833,0.8792032450515991,0.022724095630483415,-1.0697344075481514,0.005454200962251008,-0.9756968441406754,0.006823793263417087,0.7544868286405427,0.01325433841193326,0.1771344577678383,0.005586540651404609,0.515691085220408,270750880000,-1.405554500046989,,
2026-09-01,7670.83984375,-0.001990634141011305,-0.028215902407470517,0.3688473723326694,0.025355763379478393,2.4728695019414033,0.007040949807541496,-1.0836421106942793,0.02225701477350559,1.5191636580272179,0.014229211370487872,-2.328207732661232,0.010670278631981911,-0.15617664895062894,0.008022589725383007,0.6359845318062283,0.02204843385181809,-1.9068496803153678,0.005176747252366027,-1.4176427606654103,0.00640086346140136,-0.284967009518096,0.012530570928931348,-0.33586341501601735,0.005368382229845168,-0.0655467636043202,236995360000,-2.622443537536221,,
